type,level,skill,topics,japanese,reading,meaning,part_of_speech,verb_type,transitivity,paired_with,example,example_reading,example_meaning,source,source_ref,tags,notes
expression,N5,vocabulary,,ああ,ああ,"Ah!, Oh!",interjection,,,,ああ、疲れた。,ああ、つかれた。,"Ah, I'm tired.",JLPT N5 Vocabulary List,https://github.com/jamsinclair/open-anki-jlpt-decks,,
expression,N5,vocabulary,,会う,あう,"to meet, to see",verb,godan,intransitive,,友達に会います。,ともだちにあいます。,I will meet my friend.,JLPT N5 Vocabulary List,https://github.com/jamsinclair/open-anki-jlpt-decks,,
expression,N5,vocabulary,,青,あお,blue,noun,,,,空は青です。,そらはあおです。,The sky is blue.,JLPT N5 Vocabulary List,https://github.com/jamsinclair/open-anki-jlpt-decks,,
expression,N5,vocabulary,,青い,あおい,blue,i-adjective,,,,青い空を見ます。,あおいそらをみます。,I look at the blue sky.,JLPT N5 Vocabulary List,https://github.com/jamsinclair/open-anki-jlpt-decks,,
expression,N5,vocabulary,,赤,あか,red,noun,,,,赤が好きです。,あかがすきです。,I like red.,JLPT N5 Vocabulary List,https://github.com/jamsinclair/open-anki-jlpt-decks,,
expression,N5,vocabulary,,赤い,あかい,red,i-adjective,,,,赤いりんごを買いました。,あかいりんごをかいました。,I bought a red apple.,JLPT N5 Vocabulary List,https://github.com/jamsinclair/open-anki-jlpt-decks,,
expression,N5,vocabulary,,明るい,あかるい,bright (in reference to personality or weather); cheerful,i-adjective,,,,この部屋は明るいです。,このへやはあかるいです。,This room is bright.,JLPT N5 Vocabulary List,https://github.com/jamsinclair/open-anki-jlpt-decks,,
expression,N5,vocabulary,,秋,あき,fall (season),noun,,,,秋は涼しいです。,あきはすずしいです。,Fall is cool.,JLPT N5 Vocabulary List,https://github.com/jamsinclair/open-anki-jlpt-decks,,
expression,N5,vocabulary,,開く,あく,"to open, to become open",verb,godan,intransitive,開ける,ドアが開きました。,ドアがあきました。,The door opened.,JLPT N5 Vocabulary List,https://github.com/jamsinclair/open-anki-jlpt-decks,,
expression,N5,vocabulary,,開ける,あける,to open (v.t.),verb,ichidan,transitive,,窓を開けます。,まどをあけます。,I open the window.,JLPT N5 Vocabulary List,https://github.com/jamsinclair/open-anki-jlpt-decks,,
expression,N5,vocabulary,,上げる,あげる,"to raise, to lift",verb,ichidan,transitive,,手を上げてください。,てをあげてください。,Please raise your hand.,JLPT N5 Vocabulary List,https://github.com/jamsinclair/open-anki-jlpt-decks,,
expression,N5,vocabulary,,朝,あさ,morning,noun,,,,朝、六時に起きます。,あさ、ろくじにおきます。,I get up at six in the morning.,JLPT N5 Vocabulary List,https://github.com/jamsinclair/open-anki-jlpt-decks,,
expression,N5,vocabulary,,朝御飯,あさごはん,breakfast,noun,,,,朝御飯を食べました。,あさごはんをたべました。,I ate breakfast.,JLPT N5 Vocabulary List,https://github.com/jamsinclair/open-anki-jlpt-decks,,
expression,N5,vocabulary,,明後日,あさって,day after tomorrow,noun,,,,明後日、旅行に行きます。,あさって、りょこうにいきます。,I will go on a trip the day after tomorrow.,JLPT N5 Vocabulary List,https://github.com/jamsinclair/open-anki-jlpt-decks,,
expression,N5,vocabulary,,足,あし,foot; leg,noun,,,,足が痛いです。,あしがいたいです。,My leg hurts.,JLPT N5 Vocabulary List,https://github.com/jamsinclair/open-anki-jlpt-decks,,Alt. spelling: 脚
expression,N5,vocabulary,,脚,あし,foot; leg,noun,,,,足が痛いです。,あしがいたいです。,My leg hurts.,JLPT N5 Vocabulary List,https://github.com/jamsinclair/open-anki-jlpt-decks,,Alt. spelling: 足
expression,N5,vocabulary,,明日,あした,tomorrow,noun,,,,明日、テストがあります。,あした、テストがあります。,There is a test tomorrow.,JLPT N5 Vocabulary List,https://github.com/jamsinclair/open-anki-jlpt-decks,,
expression,N5,vocabulary,,あそこ,あそこ,"there, over there, that place",pronoun,,,,あそこに猫がいます。,あそこにねこがいます。,There is a cat over there.,JLPT N5 Vocabulary List,https://github.com/jamsinclair/open-anki-jlpt-decks,,
expression,N5,vocabulary,,遊ぶ,あそぶ,to play; to spend time pleasantly; to hang out,verb,godan,intransitive,,公園で遊びます。,こうえんであそびます。,I play in the park.,JLPT N5 Vocabulary List,https://github.com/jamsinclair/open-anki-jlpt-decks,,
expression,N5,vocabulary,,暖かい,あたたかい,warm,i-adjective,,,,今日は暖かいです。,きょうはあたたかいです。,Today is warm.,JLPT N5 Vocabulary List,https://github.com/jamsinclair/open-anki-jlpt-decks,,
expression,N5,vocabulary,,頭,あたま,head,noun,,,,頭が痛いです。,あたまがいたいです。,I have a headache.,JLPT N5 Vocabulary List,https://github.com/jamsinclair/open-anki-jlpt-decks,,
expression,N5,vocabulary,,新しい,あたらしい,new,i-adjective,,,,新しい靴を買いました。,あたらしいくつをかいました。,I bought new shoes.,JLPT N5 Vocabulary List,https://github.com/jamsinclair/open-anki-jlpt-decks,,
expression,N5,vocabulary,,あちら,あちら,this way (polite),pronoun,,,,あちらへどうぞ。,あちらへどうぞ。,"This way, please.",JLPT N5 Vocabulary List,https://github.com/jamsinclair/open-anki-jlpt-decks,,
expression,N5,vocabulary,,暑い,あつい,"hot (in reference to weather), warm",i-adjective,,,,今日はとても暑いです。,きょうはとてもあついです。,Today is very hot.,JLPT N5 Vocabulary List,https://github.com/jamsinclair/open-anki-jlpt-decks,,
expression,N5,vocabulary,,熱い,あつい,hot (objects),i-adjective,,,,お茶が熱いです。,おちゃがあついです。,The tea is hot.,JLPT N5 Vocabulary List,https://github.com/jamsinclair/open-anki-jlpt-decks,,
expression,N5,vocabulary,,厚い,あつい,"kind, warm(hearted), thick, deep",i-adjective,,,,厚い本を読みます。,あついほんをよみます。,I read a thick book.,JLPT N5 Vocabulary List,https://github.com/jamsinclair/open-anki-jlpt-decks,,
expression,N5,vocabulary,,あっち,あっち,over there,pronoun,,,,あっちに行きましょう。,あっちにいきましょう。,Let's go over there.,JLPT N5 Vocabulary List,https://github.com/jamsinclair/open-anki-jlpt-decks,,
expression,N5,vocabulary,,後,あと,afterwards (later); in the future; the rest; since then,noun,,,,後で電話します。,あとででんわします。,I will call later.,JLPT N5 Vocabulary List,https://github.com/jamsinclair/open-anki-jlpt-decks,,
expression,N5,vocabulary,,あなた,あなた,you,pronoun,,,,あなたは学生ですか。,あなたはがくせいですか。,Are you a student?,JLPT N5 Vocabulary List,https://github.com/jamsinclair/open-anki-jlpt-decks,,
expression,N5,vocabulary,,兄,あに,(my) older brother (humble),noun,,,,兄は医者です。,あにはいしゃです。,My older brother is a doctor.,JLPT N5 Vocabulary List,https://github.com/jamsinclair/open-anki-jlpt-decks,,
expression,N5,vocabulary,,姉,あね,(my) older sister (humble),noun,,,,姉は先生です。,あねはせんせいです。,My older sister is a teacher.,JLPT N5 Vocabulary List,https://github.com/jamsinclair/open-anki-jlpt-decks,,
expression,N5,vocabulary,,アパート,アパート,apartment (abbr.),noun,,,,アパートに住んでいます。,アパートにすんでいます。,I live in an apartment.,JLPT N5 Vocabulary List,https://github.com/jamsinclair/open-anki-jlpt-decks,,
expression,N5,vocabulary,,あの,あの,"that over there; like that, that way; um...",determiner,,,,あの人は誰ですか。,あのひとはだれですか。,Who is that person?,JLPT N5 Vocabulary List,https://github.com/jamsinclair/open-anki-jlpt-decks,,
expression,N5,vocabulary,,浴びる,あびる,"to bathe, to shower",verb,ichidan,transitive,,シャワーを浴びます。,シャワーをあびます。,I take a shower.,JLPT N5 Vocabulary List,https://github.com/jamsinclair/open-anki-jlpt-decks,,
expression,N5,vocabulary,,危ない,あぶない,"dangerous, critical",i-adjective,,,,あの道は危ないです。,あのみちはあぶないです。,That road is dangerous.,JLPT N5 Vocabulary List,https://github.com/jamsinclair/open-anki-jlpt-decks,,
expression,N5,vocabulary,,甘い,あまい,"generous, sweet",i-adjective,,,,このケーキは甘いです。,このケーキはあまいです。,This cake is sweet.,JLPT N5 Vocabulary List,https://github.com/jamsinclair/open-anki-jlpt-decks,,
expression,N5,vocabulary,,余り,あまり,not very; surplus,adverb,,,,あまり好きじゃないです。,あまりすきじゃないです。,I don't like it very much.,JLPT N5 Vocabulary List,https://github.com/jamsinclair/open-anki-jlpt-decks,,
expression,N5,vocabulary,,雨,あめ,rain,noun,,,,明日は雨です。,あしたはあめです。,It will rain tomorrow.,JLPT N5 Vocabulary List,https://github.com/jamsinclair/open-anki-jlpt-decks,,
expression,N5,vocabulary,,飴,あめ,(hard) candy,noun,,,,飴を食べます。,あめをたべます。,I eat candy.,JLPT N5 Vocabulary List,https://github.com/jamsinclair/open-anki-jlpt-decks,,
expression,N5,vocabulary,,洗う,あらう,to wash,verb,godan,transitive,,手を洗います。,てをあらいます。,I wash my hands.,JLPT N5 Vocabulary List,https://github.com/jamsinclair/open-anki-jlpt-decks,,
expression,N5,vocabulary,,在る,ある,"to be, to have",verb,godan,intransitive,,机の上に本があります。,つくえのうえにほんがあります。,There is a book on the desk.,JLPT N5 Vocabulary List,https://github.com/jamsinclair/open-anki-jlpt-decks,,
expression,N5,vocabulary,,有る,ある,"to be, to have",verb,godan,intransitive,,お金があります。,おかねがあります。,I have money.,JLPT N5 Vocabulary List,https://github.com/jamsinclair/open-anki-jlpt-decks,,
expression,N5,vocabulary,,歩く,あるく,to walk,verb,godan,intransitive,,毎日歩きます。,まいにちあるきます。,I walk every day.,JLPT N5 Vocabulary List,https://github.com/jamsinclair/open-anki-jlpt-decks,,
expression,N5,vocabulary,,あれ,あれ,that one (over there),pronoun,,,,あれは私の傘です。,あれはわたしのかさです。,That is my umbrella.,JLPT N5 Vocabulary List,https://github.com/jamsinclair/open-anki-jlpt-decks,,
expression,N5,vocabulary,,いい,いい,good,i-adjective,,,,天気がいいです。,てんきがいいです。,The weather is nice.,JLPT N5 Vocabulary List,https://github.com/jamsinclair/open-anki-jlpt-decks,,Alt. spelling: よい
expression,N5,vocabulary,,よい,よい,good,i-adjective,,,,天気がいいです。,てんきがいいです。,The weather is nice.,JLPT N5 Vocabulary List,https://github.com/jamsinclair/open-anki-jlpt-decks,,Alt. spelling: いい
expression,N5,vocabulary,,いいえ,いいえ,"no, not at all",interjection,,,,いいえ、違います。,いいえ、ちがいます。,"No, that's not right.",JLPT N5 Vocabulary List,https://github.com/jamsinclair/open-anki-jlpt-decks,,
expression,N5,vocabulary,,言う,いう,to say,verb,godan,transitive,,名前を言います。,なまえをいいます。,I say my name.,JLPT N5 Vocabulary List,https://github.com/jamsinclair/open-anki-jlpt-decks,,
expression,N5,vocabulary,,家,いえ,"house, home",noun,,,,家に帰ります。,いえにかえります。,I go home.,JLPT N5 Vocabulary List,https://github.com/jamsinclair/open-anki-jlpt-decks,,
expression,N5,vocabulary,,いかが,いかが,"how, in what way",adverb,,,,お茶はいかがですか。,おちゃはいかがですか。,How about some tea?,JLPT N5 Vocabulary List,https://github.com/jamsinclair/open-anki-jlpt-decks,,
expression,N5,vocabulary,,行く,いく; ゆく,to go,verb,godan,intransitive,,学校に行きます。,がっこうにいきます。,I go to school.,JLPT N5 Vocabulary List,https://github.com/jamsinclair/open-anki-jlpt-decks,,
expression,N5,vocabulary,,いくつ,いくつ,"how many, how old",pronoun,,,,りんごはいくつありますか。,りんごはいくつありますか。,How many apples are there?,JLPT N5 Vocabulary List,https://github.com/jamsinclair/open-anki-jlpt-decks,,
expression,N5,vocabulary,,いくら,いくら,"how much, how many",pronoun,,,,これはいくらですか。,これはいくらですか。,How much is this?,JLPT N5 Vocabulary List,https://github.com/jamsinclair/open-anki-jlpt-decks,,
expression,N5,vocabulary,,池,いけ,pond,noun,,,,公園に池があります。,こうえんにいけがあります。,There is a pond in the park.,JLPT N5 Vocabulary List,https://github.com/jamsinclair/open-anki-jlpt-decks,,
expression,N5,vocabulary,,医者,いしゃ,doctor; physician,noun,,,,医者になりたいです。,いしゃになりたいです。,I want to become a doctor.,JLPT N5 Vocabulary List,https://github.com/jamsinclair/open-anki-jlpt-decks,,
expression,N5,vocabulary,,椅子,いす,chair,noun,,,,椅子に座ります。,いすにすわります。,I sit on the chair.,JLPT N5 Vocabulary List,https://github.com/jamsinclair/open-anki-jlpt-decks,,
expression,N5,vocabulary,,忙しい,いそがしい,"busy (people, days)",i-adjective,,,,今週はとても忙しいです。,こんしゅうはとてもいそがしいです。,I am very busy this week.,JLPT N5 Vocabulary List,https://github.com/jamsinclair/open-anki-jlpt-decks,,
expression,N5,vocabulary,,痛い,いたい,hurt; painful; sore,i-adjective,,,,お腹が痛いです。,おなかがいたいです。,My stomach hurts.,JLPT N5 Vocabulary List,https://github.com/jamsinclair/open-anki-jlpt-decks,,
expression,N5,vocabulary,,一,いち,one,noun,,,,一からやり直します。,いちからやりなおします。,I will start over from the beginning.,JLPT N5 Vocabulary List,https://github.com/jamsinclair/open-anki-jlpt-decks,,
expression,N5,vocabulary,,一日,いちにち,one day (duration),noun,,,,一日中、家にいました。,いちにちじゅう、いえにいました。,I stayed home all day.,JLPT N5 Vocabulary List,https://github.com/jamsinclair/open-anki-jlpt-decks,,
expression,N5,vocabulary,,一番,いちばん,"best (most), first, number one",adverb,,,,これが一番好きです。,これがいちばんすきです。,I like this the best.,JLPT N5 Vocabulary List,https://github.com/jamsinclair/open-anki-jlpt-decks,,
expression,N5,vocabulary,,いつ,いつ,when,adverb,,,,いつ日本に来ましたか。,いつにほんにきましたか。,When did you come to Japan?,JLPT N5 Vocabulary List,https://github.com/jamsinclair/open-anki-jlpt-decks,,
expression,N5,vocabulary,,五日,いつか,five days; fifth day of the month,noun,,,,五日に会いましょう。,いつかにあいましょう。,Let's meet on the fifth.,JLPT N5 Vocabulary List,https://github.com/jamsinclair/open-anki-jlpt-decks,,
expression,N5,vocabulary,,一緒,いっしょ,together,noun,,,,一緒に行きましょう。,いっしょにいきましょう。,Let's go together.,JLPT N5 Vocabulary List,https://github.com/jamsinclair/open-anki-jlpt-decks,,
expression,N5,vocabulary,,五つ,いつつ,five things,noun,,,,りんごを五つ買いました。,りんごをいつつかいました。,I bought five apples.,JLPT N5 Vocabulary List,https://github.com/jamsinclair/open-anki-jlpt-decks,,
expression,N5,vocabulary,,いつも,いつも,"always, usually, every time, never (with neg. verb)",adverb,,,,いつも六時に起きます。,いつもろくじにおきます。,I always get up at six.,JLPT N5 Vocabulary List,https://github.com/jamsinclair/open-anki-jlpt-decks,,
expression,N5,vocabulary,,犬,いぬ,dog,noun,,,,犬が好きです。,いぬがすきです。,I like dogs.,JLPT N5 Vocabulary List,https://github.com/jamsinclair/open-anki-jlpt-decks,,
expression,N5,vocabulary,,今,いま,now,noun,,,,今、何時ですか。,いま、なんじですか。,What time is it now?,JLPT N5 Vocabulary List,https://github.com/jamsinclair/open-anki-jlpt-decks,,
expression,N5,vocabulary,,意味,いみ,"meaning, significance",noun,,,,この言葉の意味が分かりません。,このことばのいみがわかりません。,I don't understand the meaning of this word.,JLPT N5 Vocabulary List,https://github.com/jamsinclair/open-anki-jlpt-decks,,
expression,N5,vocabulary,,妹,いもうと,younger sister (humble),noun,,,,妹は高校生です。,いもうとはこうこうせいです。,My younger sister is a high school student.,JLPT N5 Vocabulary List,https://github.com/jamsinclair/open-anki-jlpt-decks,,
expression,N5,vocabulary,,嫌,いや,"disagreeable, detestable, unpleasant",na-adjective,,,,勉強が嫌です。,べんきょうがいやです。,I dislike studying.,JLPT N5 Vocabulary List,https://github.com/jamsinclair/open-anki-jlpt-decks,,
expression,N5,vocabulary,,入口,いりぐち,entrance,noun,,,,入口はあそこです。,いりぐちはあそこです。,The entrance is over there.,JLPT N5 Vocabulary List,https://github.com/jamsinclair/open-anki-jlpt-decks,,
expression,N5,vocabulary,,居る,いる,"(humble) to be (animate), to exist",verb,ichidan,intransitive,,部屋に猫がいます。,へやにねこがいます。,There is a cat in the room.,JLPT N5 Vocabulary List,https://github.com/jamsinclair/open-anki-jlpt-decks,,
expression,N5,vocabulary,,要る,いる,to need,verb,godan,intransitive,,お金が要ります。,おかねがいります。,I need money.,JLPT N5 Vocabulary List,https://github.com/jamsinclair/open-anki-jlpt-decks,,
expression,N5,vocabulary,,入れる,いれる,to put in,verb,ichidan,transitive,入る,かばんに本を入れます。,かばんにほんをいれます。,I put the book in the bag.,JLPT N5 Vocabulary List,https://github.com/jamsinclair/open-anki-jlpt-decks,,
expression,N5,vocabulary,,色,いろ,color,noun,,,,好きな色は何ですか。,すきないろはなんですか。,What is your favorite color?,JLPT N5 Vocabulary List,https://github.com/jamsinclair/open-anki-jlpt-decks,,
expression,N5,vocabulary,,色々,いろいろ,various,na-adjective,,,,色々な国へ行きたいです。,いろいろなくにへいきたいです。,I want to go to various countries.,JLPT N5 Vocabulary List,https://github.com/jamsinclair/open-anki-jlpt-decks,,
expression,N5,vocabulary,,上,うえ,"above (up, top, etc.), over, on top of",noun,,,,机の上に猫がいます。,つくえのうえにねこがいます。,There is a cat on the desk.,JLPT N5 Vocabulary List,https://github.com/jamsinclair/open-anki-jlpt-decks,,
expression,N5,vocabulary,,後ろ,うしろ,"back, behind, rear",noun,,,,後ろに立ってください。,うしろにたってください。,Please stand behind.,JLPT N5 Vocabulary List,https://github.com/jamsinclair/open-anki-jlpt-decks,,
expression,N5,vocabulary,,薄い,うすい,"thin, weak",i-adjective,,,,このコップは薄いです。,このコップはうすいです。,This cup is thin.,JLPT N5 Vocabulary List,https://github.com/jamsinclair/open-anki-jlpt-decks,,
expression,N5,vocabulary,,歌,うた,a song,noun,,,,この歌が好きです。,このうたがすきです。,I like this song.,JLPT N5 Vocabulary List,https://github.com/jamsinclair/open-anki-jlpt-decks,,
expression,N5,vocabulary,,歌う,うたう,to sing,verb,godan,transitive,,歌を歌います。,うたをうたいます。,I sing a song.,JLPT N5 Vocabulary List,https://github.com/jamsinclair/open-anki-jlpt-decks,,
expression,N5,vocabulary,,うち,うち,home; house; my place,noun,,,,うちに帰ります。,うちにかえります。,I go home.,JLPT N5 Vocabulary List,https://github.com/jamsinclair/open-anki-jlpt-decks,,
expression,N5,vocabulary,,生まれる,うまれる,to be born,verb,ichidan,intransitive,,東京で生まれました。,とうきょうでうまれました。,I was born in Tokyo.,JLPT N5 Vocabulary List,https://github.com/jamsinclair/open-anki-jlpt-decks,,
expression,N5,vocabulary,,海,うみ,"sea, beach",noun,,,,夏は海に行きます。,なつはうみにいきます。,I go to the sea in summer.,JLPT N5 Vocabulary List,https://github.com/jamsinclair/open-anki-jlpt-decks,,
expression,N5,vocabulary,,売る,うる,to sell (v.t.),verb,godan,transitive,,車を売ります。,くるまをうります。,I sell my car.,JLPT N5 Vocabulary List,https://github.com/jamsinclair/open-anki-jlpt-decks,,
expression,N5,vocabulary,,うるさい,うるさい,noisy; annoying,i-adjective,,,,この部屋はうるさいです。,このへやはうるさいです。,This room is noisy.,JLPT N5 Vocabulary List,https://github.com/jamsinclair/open-anki-jlpt-decks,,
expression,N5,vocabulary,,上着,うわぎ,"coat, jacket",noun,,,,上着を着ます。,うわぎをきます。,I wear a jacket.,JLPT N5 Vocabulary List,https://github.com/jamsinclair/open-anki-jlpt-decks,,
expression,N5,vocabulary,,絵,え,a painting; a picture; a drawing,noun,,,,絵を描きます。,えをかきます。,I draw a picture.,JLPT N5 Vocabulary List,https://github.com/jamsinclair/open-anki-jlpt-decks,,
expression,N5,vocabulary,,映画,えいが,"movie, film",noun,,,,映画を見ます。,えいがをみます。,I watch a movie.,JLPT N5 Vocabulary List,https://github.com/jamsinclair/open-anki-jlpt-decks,,
expression,N5,vocabulary,,映画館,えいがかん,"movie theater, cinema",noun,,,,映画館へ行きます。,えいがかんへいきます。,I go to the movie theater.,JLPT N5 Vocabulary List,https://github.com/jamsinclair/open-anki-jlpt-decks,,
expression,N5,vocabulary,,英語,えいご,English (language),noun,,,,英語を勉強します。,えいごをべんきょうします。,I study English.,JLPT N5 Vocabulary List,https://github.com/jamsinclair/open-anki-jlpt-decks,,
expression,N5,vocabulary,,ええ,ええ,yes,interjection,,,,ええ、そうです。,ええ、そうです。,"Yes, that's right.",JLPT N5 Vocabulary List,https://github.com/jamsinclair/open-anki-jlpt-decks,,
expression,N5,vocabulary,,駅,えき,station,noun,,,,駅まで歩きます。,えきまであるきます。,I walk to the station.,JLPT N5 Vocabulary List,https://github.com/jamsinclair/open-anki-jlpt-decks,,
expression,N5,vocabulary,,エレベーター,エレベーター,elevator,noun,,,,エレベーターに乗ります。,エレベーターにのります。,I get in the elevator.,JLPT N5 Vocabulary List,https://github.com/jamsinclair/open-anki-jlpt-decks,,
expression,N5,vocabulary,,～円,～えん,Yen,counter,,,,これは千円です。,これはせんえんです。,"This is 1,000 yen.",JLPT N5 Vocabulary List,https://github.com/jamsinclair/open-anki-jlpt-decks,,
expression,N5,vocabulary,,鉛筆,えんぴつ,pencil,noun,,,,鉛筆で書きます。,えんぴつでかきます。,I write with a pencil.,JLPT N5 Vocabulary List,https://github.com/jamsinclair/open-anki-jlpt-decks,,
expression,N5,vocabulary,,お～,お～,honorable ~ (honorific),prefix,,,,お名前は何ですか。,おなまえはなんですか。,What is your name?,JLPT N5 Vocabulary List,https://github.com/jamsinclair/open-anki-jlpt-decks,,
expression,N5,vocabulary,,美味しい,おいしい,"delicious, tasty",i-adjective,,,,このラーメンは美味しいです。,このラーメンはおいしいです。,This ramen is delicious.,JLPT N5 Vocabulary List,https://github.com/jamsinclair/open-anki-jlpt-decks,,
expression,N5,vocabulary,,多い,おおい,many; there are a lot,i-adjective,,,,学生が多いです。,がくせいがおおいです。,There are many students.,JLPT N5 Vocabulary List,https://github.com/jamsinclair/open-anki-jlpt-decks,,
expression,N5,vocabulary,,大きい,おおきい,"big, large",i-adjective,,,,大きい犬がいます。,おおきいいぬがいます。,There is a big dog.,JLPT N5 Vocabulary List,https://github.com/jamsinclair/open-anki-jlpt-decks,,
expression,N5,vocabulary,,大きな,おおきな,big,determiner,,,,大きな家に住んでいます。,おおきないえにすんでいます。,I live in a big house.,JLPT N5 Vocabulary List,https://github.com/jamsinclair/open-anki-jlpt-decks,,
expression,N5,vocabulary,,大勢,おおぜい,great number of people,noun,,,,大勢の人が来ました。,おおぜいのひとがきました。,A lot of people came.,JLPT N5 Vocabulary List,https://github.com/jamsinclair/open-anki-jlpt-decks,,
expression,N5,vocabulary,,お母さん,おかあさん,mother (formal),noun,,,,お母さんは料理が上手です。,おかあさんはりょうりがじょうずです。,My mother is good at cooking.,JLPT N5 Vocabulary List,https://github.com/jamsinclair/open-anki-jlpt-decks,,
expression,N5,vocabulary,,お菓子,おかし,"confections, sweets, snack",noun,,,,お菓子を食べます。,おかしをたべます。,I eat sweets.,JLPT N5 Vocabulary List,https://github.com/jamsinclair/open-anki-jlpt-decks,,
expression,N5,vocabulary,,お金,おかね,money,noun,,,,お金がありません。,おかねがありません。,I have no money.,JLPT N5 Vocabulary List,https://github.com/jamsinclair/open-anki-jlpt-decks,,
expression,N5,vocabulary,,起きる,おきる,"to get up (e.g., from sleeping); to happen",verb,ichidan,intransitive,,毎朝七時に起きます。,まいあさしちじにおきます。,I get up at seven every morning.,JLPT N5 Vocabulary List,https://github.com/jamsinclair/open-anki-jlpt-decks,,
expression,N5,vocabulary,,置く,おく,to put; to lay; to place,verb,godan,transitive,,かばんを机に置きます。,かばんをつくえにおきます。,I put the bag on the desk.,JLPT N5 Vocabulary List,https://github.com/jamsinclair/open-anki-jlpt-decks,,
expression,N5,vocabulary,,奥さん,おくさん,(someone else's) wife (hon.),noun,,,,田中さんの奥さんは先生です。,たなかさんのおくさんはせんせいです。,Mr. Tanaka's wife is a teacher.,JLPT N5 Vocabulary List,https://github.com/jamsinclair/open-anki-jlpt-decks,,
expression,N5,vocabulary,,お酒,おさけ,sake; alcohol,noun,,,,お酒を飲みます。,おさけをのみます。,I drink sake.,JLPT N5 Vocabulary List,https://github.com/jamsinclair/open-anki-jlpt-decks,,
expression,N5,vocabulary,,お皿,おさら,"plate, dish",noun,,,,お皿を洗います。,おさらをあらいます。,I wash the dishes.,JLPT N5 Vocabulary List,https://github.com/jamsinclair/open-anki-jlpt-decks,,
expression,N5,vocabulary,,伯父,おじさん,"uncle, middle-aged man",noun,,,,おじさんの家に行きます。,おじさんのいえにいきます。,I go to my uncle's house.,JLPT N5 Vocabulary List,https://github.com/jamsinclair/open-anki-jlpt-decks,,Alt. spelling: 叔父さん
expression,N5,vocabulary,,叔父さん,おじさん,"uncle, middle-aged man",noun,,,,おじさんの家に行きます。,おじさんのいえにいきます。,I go to my uncle's house.,JLPT N5 Vocabulary List,https://github.com/jamsinclair/open-anki-jlpt-decks,,Alt. spelling: 伯父
expression,N5,vocabulary,,おじいさん,おじいさん,"grandfather, male senior citizen",noun,,,,おじいさんは元気です。,おじいさんはげんきです。,My grandfather is well.,JLPT N5 Vocabulary List,https://github.com/jamsinclair/open-anki-jlpt-decks,,
expression,N5,vocabulary,,教える,おしえる,"to teach, to inform, to instruct",verb,ichidan,transitive,,日本語を教えます。,にほんごをおしえます。,I teach Japanese.,JLPT N5 Vocabulary List,https://github.com/jamsinclair/open-anki-jlpt-decks,,
expression,N5,vocabulary,,押す,おす,"to push, to press, to stamp (e.g., a passport)",verb,godan,transitive,,ボタンを押します。,ボタンをおします。,I push the button.,JLPT N5 Vocabulary List,https://github.com/jamsinclair/open-anki-jlpt-decks,,
expression,N5,vocabulary,,遅い,おそい,slow; (to be) late,i-adjective,,,,バスが遅いです。,バスがおそいです。,The bus is late.,JLPT N5 Vocabulary List,https://github.com/jamsinclair/open-anki-jlpt-decks,,
expression,N5,vocabulary,,お茶,おちゃ,(green) tea,noun,,,,お茶を飲みます。,おちゃをのみます。,I drink tea.,JLPT N5 Vocabulary List,https://github.com/jamsinclair/open-anki-jlpt-decks,,
expression,N5,vocabulary,,お手洗い,おてあらい,"toilet, restroom, bathroom (lit., a place to wash one's hands)",noun,,,,お手洗いはどこですか。,おてあらいはどこですか。,Where is the restroom?,JLPT N5 Vocabulary List,https://github.com/jamsinclair/open-anki-jlpt-decks,,
expression,N5,vocabulary,,お父さん,おとうさん,father (formal),noun,,,,お父さんは会社員です。,おとうさんはかいしゃいんです。,My father is a company employee.,JLPT N5 Vocabulary List,https://github.com/jamsinclair/open-anki-jlpt-decks,,
expression,N5,vocabulary,,弟,おとうと,younger brother,noun,,,,弟と遊びます。,おとうととあそびます。,I play with my younger brother.,JLPT N5 Vocabulary List,https://github.com/jamsinclair/open-anki-jlpt-decks,,
expression,N5,vocabulary,,男,おとこ,"man, male",noun,,,,あの男の人は先生です。,あのおとこのひとはせんせいです。,That man is a teacher.,JLPT N5 Vocabulary List,https://github.com/jamsinclair/open-anki-jlpt-decks,,
expression,N5,vocabulary,,男の子,おとこのこ,boy,noun,,,,男の子が走っています。,おとこのこがはしっています。,A boy is running.,JLPT N5 Vocabulary List,https://github.com/jamsinclair/open-anki-jlpt-decks,,
expression,N5,vocabulary,,一昨日,おととい,the day before yesterday,noun,,,,一昨日、友達に会いました。,おととい、ともだちにあいました。,I met my friend the day before yesterday.,JLPT N5 Vocabulary List,https://github.com/jamsinclair/open-anki-jlpt-decks,,
expression,N5,vocabulary,,おととし,おととし,year before last,noun,,,,おととし、日本へ行きました。,おととし、にほんへいきました。,I went to Japan the year before last.,JLPT N5 Vocabulary List,https://github.com/jamsinclair/open-anki-jlpt-decks,,
expression,N5,vocabulary,,大人,おとな,adult,noun,,,,大人は三人います。,おとなはさんにんいます。,There are three adults.,JLPT N5 Vocabulary List,https://github.com/jamsinclair/open-anki-jlpt-decks,,
expression,N5,vocabulary,,お腹,おなか,stomach,noun,,,,お腹がすきました。,おなかがすきました。,I am hungry.,JLPT N5 Vocabulary List,https://github.com/jamsinclair/open-anki-jlpt-decks,,
expression,N5,vocabulary,,同じ,おなじ,"same, identical",na-adjective,,,,同じ本を持っています。,おなじほんをもっています。,I have the same book.,JLPT N5 Vocabulary List,https://github.com/jamsinclair/open-anki-jlpt-decks,,
expression,N5,vocabulary,,お兄さん,おにいさん,(someone else's) older brother (formal),noun,,,,お兄さんは何歳ですか。,おにいさんはなんさいですか。,How old is your older brother?,JLPT N5 Vocabulary List,https://github.com/jamsinclair/open-anki-jlpt-decks,,
expression,N5,vocabulary,,お姉さん,おねえさん,older sister (formal),noun,,,,お姉さんは優しいです。,おねえさんはやさしいです。,Your older sister is kind.,JLPT N5 Vocabulary List,https://github.com/jamsinclair/open-anki-jlpt-decks,,
expression,N5,vocabulary,,伯母さん,おばさん,aunt,noun,,,,おばさんに会いました。,おばさんにあいました。,I met my aunt.,JLPT N5 Vocabulary List,https://github.com/jamsinclair/open-anki-jlpt-decks,,Alt. spelling: 叔母さん
expression,N5,vocabulary,,叔母さん,おばさん,aunt,noun,,,,おばさんに会いました。,おばさんにあいました。,I met my aunt.,JLPT N5 Vocabulary List,https://github.com/jamsinclair/open-anki-jlpt-decks,,Alt. spelling: 伯母さん
expression,N5,vocabulary,,おばあさん,おばあさん,"grandmother, female senior-citizen",noun,,,,おばあさんと話します。,おばあさんとはなします。,I talk with my grandmother.,JLPT N5 Vocabulary List,https://github.com/jamsinclair/open-anki-jlpt-decks,,
expression,N5,vocabulary,,お風呂,おふろ,a bath,noun,,,,お風呂に入ります。,おふろにはいります。,I take a bath.,JLPT N5 Vocabulary List,https://github.com/jamsinclair/open-anki-jlpt-decks,,
expression,N5,vocabulary,,お弁当,おべんとう,a boxed lunch,noun,,,,お弁当を作ります。,おべんとうをつくります。,I make a boxed lunch.,JLPT N5 Vocabulary List,https://github.com/jamsinclair/open-anki-jlpt-decks,,
expression,N5,vocabulary,,覚える,おぼえる,"to learn, to commit to memory, to remember, to memorize",verb,ichidan,transitive,,漢字を覚えます。,かんじをおぼえます。,I memorize kanji.,JLPT N5 Vocabulary List,https://github.com/jamsinclair/open-anki-jlpt-decks,,
expression,N5,vocabulary,,おまわりさん,おまわりさん,policeman (friendly term),noun,,,,おまわりさんに道を聞きます。,おまわりさんにみちをききます。,I ask the policeman for directions.,JLPT N5 Vocabulary List,https://github.com/jamsinclair/open-anki-jlpt-decks,,
expression,N5,vocabulary,,重い,おもい,heavy; serious,i-adjective,,,,このかばんは重いです。,このかばんはおもいです。,This bag is heavy.,JLPT N5 Vocabulary List,https://github.com/jamsinclair/open-anki-jlpt-decks,,
expression,N5,vocabulary,,面白い,おもしろい,"interesting, amusing",i-adjective,,,,この映画は面白いです。,このえいがはおもしろいです。,This movie is interesting.,JLPT N5 Vocabulary List,https://github.com/jamsinclair/open-anki-jlpt-decks,,
expression,N5,vocabulary,,泳ぐ,およぐ,to swim,verb,godan,intransitive,,プールで泳ぎます。,プールでおよぎます。,I swim in the pool.,JLPT N5 Vocabulary List,https://github.com/jamsinclair/open-anki-jlpt-decks,,
expression,N5,vocabulary,,降りる,おりる,to get off,verb,ichidan,intransitive,,次の駅で降ります。,つぎのえきでおります。,I will get off at the next station.,JLPT N5 Vocabulary List,https://github.com/jamsinclair/open-anki-jlpt-decks,,
expression,N5,vocabulary,,終る,おわる,"to finish, to close",verb,godan,intransitive,,仕事が終わりました。,しごとがおわりました。,The work has finished.,JLPT N5 Vocabulary List,https://github.com/jamsinclair/open-anki-jlpt-decks,,
expression,N5,vocabulary,,音楽,おんがく,Music,noun,,,,音楽を聞きます。,おんがくをききます。,I listen to music.,JLPT N5 Vocabulary List,https://github.com/jamsinclair/open-anki-jlpt-decks,,
expression,N5,vocabulary,,女,おんな,"woman, female",noun,,,,あの女の人は先生です。,あのおんなのひとはせんせいです。,That woman is a teacher.,JLPT N5 Vocabulary List,https://github.com/jamsinclair/open-anki-jlpt-decks,,
expression,N5,vocabulary,,女の子,おんなのこ,girl,noun,,,,女の子が歌っています。,おんなのこがうたっています。,A girl is singing.,JLPT N5 Vocabulary List,https://github.com/jamsinclair/open-anki-jlpt-decks,,
expression,N5,vocabulary,,～回,～かい,counter for occurrences (~ times),counter,,,,三回読みました。,さんかいよみました。,I read it three times.,JLPT N5 Vocabulary List,https://github.com/jamsinclair/open-anki-jlpt-decks,,
expression,N5,vocabulary,,～階,～かい,counter for stories (floors) of a building,counter,,,,三階に住んでいます。,さんがいにすんでいます。,I live on the third floor.,JLPT N5 Vocabulary List,https://github.com/jamsinclair/open-anki-jlpt-decks,,
expression,N5,vocabulary,,外国,がいこく,foreign country; abroad,noun,,,,外国へ行きたいです。,がいこくへいきたいです。,I want to go abroad.,JLPT N5 Vocabulary List,https://github.com/jamsinclair/open-anki-jlpt-decks,,
expression,N5,vocabulary,,外国人,がいこくじん,foreigner,noun,,,,外国人の友達がいます。,がいこくじんのともだちがいます。,I have a foreign friend.,JLPT N5 Vocabulary List,https://github.com/jamsinclair/open-anki-jlpt-decks,,
expression,N5,vocabulary,,会社,かいしゃ,"company, corporation",noun,,,,会社で働きます。,かいしゃではたらきます。,I work at a company.,JLPT N5 Vocabulary List,https://github.com/jamsinclair/open-anki-jlpt-decks,,
expression,N5,vocabulary,,階段,かいだん,stairs,noun,,,,階段を上ります。,かいだんをのぼります。,I go up the stairs.,JLPT N5 Vocabulary List,https://github.com/jamsinclair/open-anki-jlpt-decks,,
expression,N5,vocabulary,,買い物,かいもの,shopping,noun,,,,買い物に行きます。,かいものにいきます。,I go shopping.,JLPT N5 Vocabulary List,https://github.com/jamsinclair/open-anki-jlpt-decks,,
expression,N5,vocabulary,,買う,かう,to buy,verb,godan,transitive,,本を買います。,ほんをかいます。,I buy a book.,JLPT N5 Vocabulary List,https://github.com/jamsinclair/open-anki-jlpt-decks,,
expression,N5,vocabulary,,返す,かえす,to return something,verb,godan,transitive,,本を返します。,ほんをかえします。,I return the book.,JLPT N5 Vocabulary List,https://github.com/jamsinclair/open-anki-jlpt-decks,,
expression,N5,vocabulary,,帰る,かえる,"to go back, to go home, to return",verb,godan,intransitive,,家に帰ります。,いえにかえります。,I go home.,JLPT N5 Vocabulary List,https://github.com/jamsinclair/open-anki-jlpt-decks,,
expression,N5,vocabulary,,顔,かお,face (body part),noun,,,,顔を洗います。,かおをあらいます。,I wash my face.,JLPT N5 Vocabulary List,https://github.com/jamsinclair/open-anki-jlpt-decks,,
expression,N5,vocabulary,,かかる,かかる,"it takes (amount of time, money) (v.i.)",verb,godan,intransitive,,時間がかかります。,じかんがかかります。,It takes time.,JLPT N5 Vocabulary List,https://github.com/jamsinclair/open-anki-jlpt-decks,,
expression,N5,vocabulary,,鍵,かぎ,a lock; a key,noun,,,,鍵をなくしました。,かぎをなくしました。,I lost my key.,JLPT N5 Vocabulary List,https://github.com/jamsinclair/open-anki-jlpt-decks,,
expression,N5,vocabulary,,書く,かく,to write,verb,godan,transitive,,手紙を書きます。,てがみをかきます。,I write a letter.,JLPT N5 Vocabulary List,https://github.com/jamsinclair/open-anki-jlpt-decks,,
expression,N5,vocabulary,,学生,がくせい,student,noun,,,,私は学生です。,わたしはがくせいです。,I am a student.,JLPT N5 Vocabulary List,https://github.com/jamsinclair/open-anki-jlpt-decks,,
expression,N5,vocabulary,,～か月,～かげつ,(number of) months,counter,,,,三か月、日本にいます。,さんかげつ、にほんにいます。,I will be in Japan for three months.,JLPT N5 Vocabulary List,https://github.com/jamsinclair/open-anki-jlpt-decks,,
expression,N5,vocabulary,,掛ける,かける,"to put on (e.g., glasses); to hang (e.g., on a wall)",verb,ichidan,transitive,,眼鏡を掛けます。,めがねをかけます。,I put on glasses.,JLPT N5 Vocabulary List,https://github.com/jamsinclair/open-anki-jlpt-decks,,
expression,N5,vocabulary,,かける,かける,"to dial/call (e.g., phone); to sit down",verb,ichidan,transitive,,友達に電話をかけます。,ともだちにでんわをかけます。,I call my friend.,JLPT N5 Vocabulary List,https://github.com/jamsinclair/open-anki-jlpt-decks,,
expression,N5,vocabulary,,傘,かさ,"umbrella, parasol",noun,,,,傘を持って行きます。,かさをもっていきます。,I take an umbrella with me.,JLPT N5 Vocabulary List,https://github.com/jamsinclair/open-anki-jlpt-decks,,
expression,N5,vocabulary,,貸す,かす,to lend,verb,godan,transitive,,本を貸します。,ほんをかします。,I lend a book.,JLPT N5 Vocabulary List,https://github.com/jamsinclair/open-anki-jlpt-decks,,
expression,N5,vocabulary,,風,かぜ,"wind, breeze",noun,,,,風が強いです。,かぜがつよいです。,The wind is strong.,JLPT N5 Vocabulary List,https://github.com/jamsinclair/open-anki-jlpt-decks,,
expression,N5,vocabulary,,風邪,かぜ,"cold, flu",noun,,,,風邪をひきました。,かぜをひきました。,I caught a cold.,JLPT N5 Vocabulary List,https://github.com/jamsinclair/open-anki-jlpt-decks,,
expression,N5,vocabulary,,方,かた,-- honorific form for 人 (ひと) --; way of doing,noun,,,,あの方はどなたですか。,あのかたはどなたですか。,Who is that person?,JLPT N5 Vocabulary List,https://github.com/jamsinclair/open-anki-jlpt-decks,,
expression,N5,vocabulary,,家族,かぞく,"family, members of a family",noun,,,,家族は四人です。,かぞくはよにんです。,There are four people in my family.,JLPT N5 Vocabulary List,https://github.com/jamsinclair/open-anki-jlpt-decks,,
expression,N5,vocabulary,,片仮名,かたかな,katakana,noun,,,,片仮名を勉強します。,かたかなをべんきょうします。,I study katakana.,JLPT N5 Vocabulary List,https://github.com/jamsinclair/open-anki-jlpt-decks,,
expression,N5,vocabulary,,～月,～がつ,month of year,counter,,,,三月に生まれました。,さんがつにうまれました。,I was born in March.,JLPT N5 Vocabulary List,https://github.com/jamsinclair/open-anki-jlpt-decks,,
expression,N5,vocabulary,,学校,がっこう,a school,noun,,,,学校へ行きます。,がっこうへいきます。,I go to school.,JLPT N5 Vocabulary List,https://github.com/jamsinclair/open-anki-jlpt-decks,,
expression,N5,vocabulary,,カップ,カップ,cup,noun,,,,カップにコーヒーを入れます。,カップにコーヒーをいれます。,I pour coffee into the cup.,JLPT N5 Vocabulary List,https://github.com/jamsinclair/open-anki-jlpt-decks,,
expression,N5,vocabulary,,家庭,かてい,home; family,noun,,,,家庭を大切にします。,かていをたいせつにします。,I value my family.,JLPT N5 Vocabulary List,https://github.com/jamsinclair/open-anki-jlpt-decks,,
expression,N5,vocabulary,,角,かど,"corner (e.g., desk, pavement)",noun,,,,角を右に曲がります。,かどをみぎにまがります。,I turn right at the corner.,JLPT N5 Vocabulary List,https://github.com/jamsinclair/open-anki-jlpt-decks,,
expression,N5,vocabulary,,かばん,かばん,"bag, basket",noun,,,,かばんを買いました。,かばんをかいました。,I bought a bag.,JLPT N5 Vocabulary List,https://github.com/jamsinclair/open-anki-jlpt-decks,,
expression,N5,vocabulary,,花瓶,かびん,(flower) vase,noun,,,,花瓶に花を入れます。,かびんにはなをいれます。,I put flowers in the vase.,JLPT N5 Vocabulary List,https://github.com/jamsinclair/open-anki-jlpt-decks,,
expression,N5,vocabulary,,かぶる,かぶる,"to wear, to put on (e.g., a hat on the head)",verb,godan,transitive,,帽子をかぶります。,ぼうしをかぶります。,I wear a hat.,JLPT N5 Vocabulary List,https://github.com/jamsinclair/open-anki-jlpt-decks,,
expression,N5,vocabulary,,紙,かみ,paper,noun,,,,紙に名前を書きます。,かみになまえをかきます。,I write my name on the paper.,JLPT N5 Vocabulary List,https://github.com/jamsinclair/open-anki-jlpt-decks,,
expression,N5,vocabulary,,カメラ,カメラ,camera,noun,,,,カメラで写真を撮ります。,カメラでしゃしんをとります。,I take a photo with a camera.,JLPT N5 Vocabulary List,https://github.com/jamsinclair/open-anki-jlpt-decks,,
expression,N5,vocabulary,,火曜日,かようび,Tuesday,noun,,,,火曜日に会いましょう。,かようびにあいましょう。,Let's meet on Tuesday.,JLPT N5 Vocabulary List,https://github.com/jamsinclair/open-anki-jlpt-decks,,
expression,N5,vocabulary,,辛い,からい,hot and spicy; salty,i-adjective,,,,このカレーは辛いです。,このカレーはからいです。,This curry is spicy.,JLPT N5 Vocabulary List,https://github.com/jamsinclair/open-anki-jlpt-decks,,
expression,N5,vocabulary,,体,からだ,body; health,noun,,,,体が弱いです。,からだがよわいです。,My body is weak.,JLPT N5 Vocabulary List,https://github.com/jamsinclair/open-anki-jlpt-decks,,
expression,N5,vocabulary,,借りる,かりる,"to borrow, to owe",verb,ichidan,transitive,,図書館で本を借ります。,としょかんでほんをかります。,I borrow a book at the library.,JLPT N5 Vocabulary List,https://github.com/jamsinclair/open-anki-jlpt-decks,,
expression,N5,vocabulary,,～がる,～がる,feel,suffix,,,,彼女は行きたがっています。,かのじょはいきたがっています。,She wants to go.,JLPT N5 Vocabulary List,https://github.com/jamsinclair/open-anki-jlpt-decks,,
expression,N5,vocabulary,,軽い,かるい,"light, non-serious, minor",i-adjective,,,,このかばんは軽いです。,このかばんはかるいです。,This bag is light.,JLPT N5 Vocabulary List,https://github.com/jamsinclair/open-anki-jlpt-decks,,
expression,N5,vocabulary,,カレー,カレー,curry (abbr. for curry and rice),noun,,,,カレーを作ります。,カレーをつくります。,I make curry.,JLPT N5 Vocabulary List,https://github.com/jamsinclair/open-anki-jlpt-decks,,
expression,N5,vocabulary,,カレンダー,カレンダー,calendar,noun,,,,カレンダーを見ます。,カレンダーをみます。,I look at the calendar.,JLPT N5 Vocabulary List,https://github.com/jamsinclair/open-anki-jlpt-decks,,
expression,N5,vocabulary,,川,かわ,river,noun,,,,川で泳ぎます。,かわでおよぎます。,I swim in the river.,JLPT N5 Vocabulary List,https://github.com/jamsinclair/open-anki-jlpt-decks,,Alt. spelling: 河
expression,N5,vocabulary,,河,かわ,river,noun,,,,川で泳ぎます。,かわでおよぎます。,I swim in the river.,JLPT N5 Vocabulary List,https://github.com/jamsinclair/open-anki-jlpt-decks,,Alt. spelling: 川
expression,N5,vocabulary,,～側,～がわ,~ side,suffix,,,,右側に立ちます。,みぎがわにたちます。,I stand on the right side.,JLPT N5 Vocabulary List,https://github.com/jamsinclair/open-anki-jlpt-decks,,
expression,N5,vocabulary,,可愛い,かわいい,"cute, adorable",i-adjective,,,,この犬は可愛いです。,このいぬはかわいいです。,This dog is cute.,JLPT N5 Vocabulary List,https://github.com/jamsinclair/open-anki-jlpt-decks,,
expression,N5,vocabulary,,漢字,かんじ,kanji; Chinese character,noun,,,,漢字を勉強します。,かんじをべんきょうします。,I study kanji.,JLPT N5 Vocabulary List,https://github.com/jamsinclair/open-anki-jlpt-decks,,
expression,N5,vocabulary,,木,き,"tree, wood, timber",noun,,,,木の下で休みます。,きのしたでやすみます。,I rest under the tree.,JLPT N5 Vocabulary List,https://github.com/jamsinclair/open-anki-jlpt-decks,,
expression,N5,vocabulary,,黄色,きいろ,yellow,noun,,,,黄色いバナナを買いました。,きいろいバナナをかいました。,I bought a yellow banana.,JLPT N5 Vocabulary List,https://github.com/jamsinclair/open-anki-jlpt-decks,,
expression,N5,vocabulary,,黄色い,きいろい,yellow,i-adjective,,,,黄色い花が好きです。,きいろいはながすきです。,I like yellow flowers.,JLPT N5 Vocabulary List,https://github.com/jamsinclair/open-anki-jlpt-decks,,
expression,N5,vocabulary,,消える,きえる,"to vanish, to disappear",verb,ichidan,intransitive,,電気が消えました。,でんきがきえました。,The lights went out.,JLPT N5 Vocabulary List,https://github.com/jamsinclair/open-anki-jlpt-decks,,
expression,N5,vocabulary,,聞く,きく,"to hear, to listen, to ask",verb,godan,transitive,,音楽を聞きます。,おんがくをききます。,I listen to music.,JLPT N5 Vocabulary List,https://github.com/jamsinclair/open-anki-jlpt-decks,,
expression,N5,vocabulary,,北,きた,north,noun,,,,北から風が吹きます。,きたからかぜがふきます。,The wind blows from the north.,JLPT N5 Vocabulary List,https://github.com/jamsinclair/open-anki-jlpt-decks,,
expression,N5,vocabulary,,ギター,ギター,guitar,noun,,,,ギターを弾きます。,ギターをひきます。,I play the guitar.,JLPT N5 Vocabulary List,https://github.com/jamsinclair/open-anki-jlpt-decks,,
expression,N5,vocabulary,,汚い,きたない,"dirty, unclean, filthy",i-adjective,,,,この部屋は汚いです。,このへやはきたないです。,This room is dirty.,JLPT N5 Vocabulary List,https://github.com/jamsinclair/open-anki-jlpt-decks,,
expression,N5,vocabulary,,喫茶店,きっさてん,café,noun,,,,喫茶店でコーヒーを飲みます。,きっさてんでコーヒーをのみます。,I drink coffee at the café.,JLPT N5 Vocabulary List,https://github.com/jamsinclair/open-anki-jlpt-decks,,
expression,N5,vocabulary,,切手,きって,postal (postage) stamps,noun,,,,切手を集めています。,きってをあつめています。,I collect stamps.,JLPT N5 Vocabulary List,https://github.com/jamsinclair/open-anki-jlpt-decks,,
expression,N5,vocabulary,,切符,きっぷ,a ticket,noun,,,,切符を買います。,きっぷをかいます。,I buy a ticket.,JLPT N5 Vocabulary List,https://github.com/jamsinclair/open-anki-jlpt-decks,,
expression,N5,vocabulary,,昨日,きのう,yesterday,noun,,,,昨日、映画を見ました。,きのう、えいがをみました。,I watched a movie yesterday.,JLPT N5 Vocabulary List,https://github.com/jamsinclair/open-anki-jlpt-decks,,
expression,N5,vocabulary,,九,きゅう,nine,noun,,,,九時に会いましょう。,くじにあいましょう。,Let's meet at nine o'clock.,JLPT N5 Vocabulary List,https://github.com/jamsinclair/open-anki-jlpt-decks,,
expression,N5,vocabulary,,牛肉,ぎゅうにく,beef,noun,,,,牛肉を食べます。,ぎゅうにくをたべます。,I eat beef.,JLPT N5 Vocabulary List,https://github.com/jamsinclair/open-anki-jlpt-decks,,
expression,N5,vocabulary,,牛乳,ぎゅうにゅう,milk,noun,,,,毎朝、牛乳を飲みます。,まいあさ、ぎゅうにゅうをのみます。,I drink milk every morning.,JLPT N5 Vocabulary List,https://github.com/jamsinclair/open-anki-jlpt-decks,,
expression,N5,vocabulary,,今日,きょう,"today, this day",noun,,,,今日は暑いです。,きょうはあついです。,Today is hot.,JLPT N5 Vocabulary List,https://github.com/jamsinclair/open-anki-jlpt-decks,,
expression,N5,vocabulary,,教室,きょうしつ,classroom,noun,,,,教室で勉強します。,きょうしつでべんきょうします。,I study in the classroom.,JLPT N5 Vocabulary List,https://github.com/jamsinclair/open-anki-jlpt-decks,,
expression,N5,vocabulary,,兄弟,きょうだい,"siblings (humble), brothers and sisters",noun,,,,兄弟は三人います。,きょうだいはさんにんいます。,I have three siblings.,JLPT N5 Vocabulary List,https://github.com/jamsinclair/open-anki-jlpt-decks,,
expression,N5,vocabulary,,去年,きょねん,last year,noun,,,,去年、結婚しました。,きょねん、けっこんしました。,I got married last year.,JLPT N5 Vocabulary List,https://github.com/jamsinclair/open-anki-jlpt-decks,,
expression,N5,vocabulary,,嫌い,きらい,dislike,na-adjective,,,,納豆が嫌いです。,なっとうがきらいです。,I dislike natto.,JLPT N5 Vocabulary List,https://github.com/jamsinclair/open-anki-jlpt-decks,,
expression,N5,vocabulary,,切る,きる,to cut; to hang up (a phone),verb,godan,transitive,,紙を切ります。,かみをきります。,I cut the paper.,JLPT N5 Vocabulary List,https://github.com/jamsinclair/open-anki-jlpt-decks,,
expression,N5,vocabulary,,着る,きる,to put on (clothes above your waist); to wear,verb,ichidan,transitive,,コートを着ます。,コートをきます。,I put on a coat.,JLPT N5 Vocabulary List,https://github.com/jamsinclair/open-anki-jlpt-decks,,
expression,N5,vocabulary,,綺麗,きれい,"pretty, clean, tidy",na-adjective,,,,部屋を綺麗にします。,へやをきれいにします。,I clean up the room.,JLPT N5 Vocabulary List,https://github.com/jamsinclair/open-anki-jlpt-decks,,
expression,N5,vocabulary,,キロ,キロ,kilo (kilogram) · kilo (kilometer),counter,,,,体重は五十キロです。,たいじゅうはごじゅっキロです。,My weight is fifty kilograms.,JLPT N5 Vocabulary List,https://github.com/jamsinclair/open-anki-jlpt-decks,,Abbreviates both キログラム (kg) and キロメートル (km) — context decides which
expression,N5,vocabulary,,キログラム,キログラム,(abbr.) kilo (kilogram),counter,,,,体重は五十キロです。,たいじゅうはごじゅっキロです。,My weight is fifty kilograms.,JLPT N5 Vocabulary List,https://github.com/jamsinclair/open-anki-jlpt-decks,,Alt. spelling: キロ
expression,N5,vocabulary,,キロメートル,キロメートル,(abbr.) kilo (kilometer),counter,,,,駅まで二キロです。,えきまでにキロです。,It is two kilometers to the station.,JLPT N5 Vocabulary List,https://github.com/jamsinclair/open-anki-jlpt-decks,,Alt. spelling: キロ
expression,N5,vocabulary,,銀行,ぎんこう,bank,noun,,,,銀行でお金を下ろします。,ぎんこうでおかねをおろします。,I withdraw money at the bank.,JLPT N5 Vocabulary List,https://github.com/jamsinclair/open-anki-jlpt-decks,,
expression,N5,vocabulary,,金曜日,きんようび,Friday,noun,,,,金曜日は忙しいです。,きんようびはいそがしいです。,Friday is busy.,JLPT N5 Vocabulary List,https://github.com/jamsinclair/open-anki-jlpt-decks,,
expression,N5,vocabulary,,九,く,nine,noun,,,,九時に起きます。,くじにおきます。,I get up at nine o'clock.,JLPT N5 Vocabulary List,https://github.com/jamsinclair/open-anki-jlpt-decks,,
expression,N5,vocabulary,,薬,くすり,medicine,noun,,,,薬を飲みます。,くすりをのみます。,I take medicine.,JLPT N5 Vocabulary List,https://github.com/jamsinclair/open-anki-jlpt-decks,,
expression,N5,vocabulary,,下さい,ください,(with te-form verb) please do for me,phrase,,,,水を下さい。,みずをください。,"Water, please.",JLPT N5 Vocabulary List,https://github.com/jamsinclair/open-anki-jlpt-decks,,
expression,N5,vocabulary,,果物,くだもの,fruit,noun,,,,果物が好きです。,くだものがすきです。,I like fruit.,JLPT N5 Vocabulary List,https://github.com/jamsinclair/open-anki-jlpt-decks,,
expression,N5,vocabulary,,口,くち,job opening; mouth,noun,,,,口を開けてください。,くちをあけてください。,Please open your mouth.,JLPT N5 Vocabulary List,https://github.com/jamsinclair/open-anki-jlpt-decks,,
expression,N5,vocabulary,,靴,くつ,"shoes, footwear",noun,,,,新しい靴を買いました。,あたらしいくつをかいました。,I bought new shoes.,JLPT N5 Vocabulary List,https://github.com/jamsinclair/open-anki-jlpt-decks,,
expression,N5,vocabulary,,靴下,くつした,socks,noun,,,,靴下を履きます。,くつしたをはきます。,I put on socks.,JLPT N5 Vocabulary List,https://github.com/jamsinclair/open-anki-jlpt-decks,,
expression,N5,vocabulary,,国,くに,country; place of origin,noun,,,,どこの国から来ましたか。,どこのくにからきましたか。,Which country are you from?,JLPT N5 Vocabulary List,https://github.com/jamsinclair/open-anki-jlpt-decks,,
expression,N5,vocabulary,,曇り,くもり,"cloudiness, cloudy weather",noun,,,,今日は曇りです。,きょうはくもりです。,Today is cloudy.,JLPT N5 Vocabulary List,https://github.com/jamsinclair/open-anki-jlpt-decks,,
expression,N5,vocabulary,,曇る,くもる,"to become cloudy, to become dim",verb,godan,intransitive,,空が曇ってきました。,そらがくもってきました。,The sky has become cloudy.,JLPT N5 Vocabulary List,https://github.com/jamsinclair/open-anki-jlpt-decks,,
expression,N5,vocabulary,,暗い,くらい,"dark, gloomy",i-adjective,,,,部屋が暗いです。,へやがくらいです。,The room is dark.,JLPT N5 Vocabulary List,https://github.com/jamsinclair/open-anki-jlpt-decks,,
expression,N5,vocabulary,,～くらい,～くらい,approximate (quantity),particle,,,,十人ぐらい来ました。,じゅうにんぐらいきました。,About ten people came.,JLPT N5 Vocabulary List,https://github.com/jamsinclair/open-anki-jlpt-decks,,Alt. spelling: ぐらい
expression,N5,vocabulary,,ぐらい,ぐらい,approximate (quantity),particle,,,,十人ぐらい来ました。,じゅうにんぐらいきました。,About ten people came.,JLPT N5 Vocabulary List,https://github.com/jamsinclair/open-anki-jlpt-decks,,Alt. spelling: ～くらい
expression,N5,vocabulary,,クラス,クラス,a class,noun,,,,英語のクラスがあります。,えいごのクラスがあります。,I have an English class.,JLPT N5 Vocabulary List,https://github.com/jamsinclair/open-anki-jlpt-decks,,
expression,N5,vocabulary,,グラム,グラム,gram,counter,,,,砂糖を百グラム買います。,さとうをひゃくグラムかいます。,I buy 100 grams of sugar.,JLPT N5 Vocabulary List,https://github.com/jamsinclair/open-anki-jlpt-decks,,
expression,N5,vocabulary,,来る,くる,to come,verb,irregular,intransitive,,友達が来ます。,ともだちがきます。,My friend is coming.,JLPT N5 Vocabulary List,https://github.com/jamsinclair/open-anki-jlpt-decks,,
expression,N5,vocabulary,,車,くるま,"car, vehicle",noun,,,,車で会社へ行きます。,くるまでかいしゃへいきます。,I go to work by car.,JLPT N5 Vocabulary List,https://github.com/jamsinclair/open-anki-jlpt-decks,,
expression,N5,vocabulary,,黒,くろ,black,noun,,,,黒が好きです。,くろがすきです。,I like black.,JLPT N5 Vocabulary List,https://github.com/jamsinclair/open-anki-jlpt-decks,,
expression,N5,vocabulary,,黒い,くろい,black; dark,i-adjective,,,,黒い猫を見ました。,くろいねこをみました。,I saw a black cat.,JLPT N5 Vocabulary List,https://github.com/jamsinclair/open-anki-jlpt-decks,,
expression,N5,vocabulary,,警官,けいかん,police officer,noun,,,,警官に道を聞きます。,けいかんにみちをききます。,I ask the police officer for directions.,JLPT N5 Vocabulary List,https://github.com/jamsinclair/open-anki-jlpt-decks,,
expression,N5,vocabulary,,今朝,けさ,this morning,noun,,,,今朝、雨が降りました。,けさ、あめがふりました。,It rained this morning.,JLPT N5 Vocabulary List,https://github.com/jamsinclair/open-anki-jlpt-decks,,
expression,N5,vocabulary,,消す,けす,"to erase, to delete, to turn off power",verb,godan,transitive,,電気を消します。,でんきをけします。,I turn off the light.,JLPT N5 Vocabulary List,https://github.com/jamsinclair/open-anki-jlpt-decks,,
expression,N5,vocabulary,,結構,けっこう,"splendid; enough, tolerably",na-adjective,,,,結構です、ありがとう。,けっこうです、ありがとう。,"No thank you, that's fine.",JLPT N5 Vocabulary List,https://github.com/jamsinclair/open-anki-jlpt-decks,,
expression,N5,vocabulary,,結婚,けっこん (する),marriage (get married),noun,,,,来月、結婚します。,らいげつ、けっこんします。,I will get married next month.,JLPT N5 Vocabulary List,https://github.com/jamsinclair/open-anki-jlpt-decks,,
expression,N5,vocabulary,,月曜日,げつようび,Monday,noun,,,,月曜日に会いましょう。,げつようびにあいましょう。,Let's meet on Monday.,JLPT N5 Vocabulary List,https://github.com/jamsinclair/open-anki-jlpt-decks,,
expression,N5,vocabulary,,玄関,げんかん,entrance (to a house or a building),noun,,,,玄関で靴を脱ぎます。,げんかんでくつをぬぎます。,I take off my shoes at the entrance.,JLPT N5 Vocabulary List,https://github.com/jamsinclair/open-anki-jlpt-decks,,
expression,N5,vocabulary,,元気,げんき,"health(y), energetic",na-adjective,,,,元気ですか。,げんきですか。,How are you?,JLPT N5 Vocabulary List,https://github.com/jamsinclair/open-anki-jlpt-decks,,
expression,N5,vocabulary,,～個,～こ,"counter for small items (e.g., fruits, cups)",counter,,,,りんごを三個買います。,りんごをさんこかいます。,I buy three apples.,JLPT N5 Vocabulary List,https://github.com/jamsinclair/open-anki-jlpt-decks,,
expression,N5,vocabulary,,五,ご,five,noun,,,,五時に会いましょう。,ごじにあいましょう。,Let's meet at five o'clock.,JLPT N5 Vocabulary List,https://github.com/jamsinclair/open-anki-jlpt-decks,,
expression,N5,vocabulary,,～語,～ご,"word, language",suffix,,,,日本語を勉強します。,にほんごをべんきょうします。,I study Japanese.,JLPT N5 Vocabulary List,https://github.com/jamsinclair/open-anki-jlpt-decks,,
expression,N5,vocabulary,,公園,こうえん,a park,noun,,,,公園で遊びます。,こうえんであそびます。,I play in the park.,JLPT N5 Vocabulary List,https://github.com/jamsinclair/open-anki-jlpt-decks,,
expression,N5,vocabulary,,交差点,こうさてん,intersection,noun,,,,交差点を右に曲がります。,こうさてんをみぎにまがります。,I turn right at the intersection.,JLPT N5 Vocabulary List,https://github.com/jamsinclair/open-anki-jlpt-decks,,
expression,N5,vocabulary,,紅茶,こうちゃ,black tea,noun,,,,紅茶を飲みます。,こうちゃをのみます。,I drink black tea.,JLPT N5 Vocabulary List,https://github.com/jamsinclair/open-anki-jlpt-decks,,
expression,N5,vocabulary,,交番,こうばん,police box,noun,,,,交番で道を聞きます。,こうばんでみちをききます。,I ask for directions at the police box.,JLPT N5 Vocabulary List,https://github.com/jamsinclair/open-anki-jlpt-decks,,
expression,N5,vocabulary,,声,こえ,voice,noun,,,,大きい声で話します。,おおきいこえではなします。,I speak in a loud voice.,JLPT N5 Vocabulary List,https://github.com/jamsinclair/open-anki-jlpt-decks,,
expression,N5,vocabulary,,コート,コート,"coat; court (e.g., tennis)",noun,,,,寒いのでコートを着ます。,さむいのでコートをきます。,I wear a coat because it's cold.,JLPT N5 Vocabulary List,https://github.com/jamsinclair/open-anki-jlpt-decks,,
expression,N5,vocabulary,,コーヒー,コーヒー,coffee,noun,,,,コーヒーを飲みます。,コーヒーをのみます。,I drink coffee.,JLPT N5 Vocabulary List,https://github.com/jamsinclair/open-anki-jlpt-decks,,
expression,N5,vocabulary,,ここ,ここ,"here, this place",pronoun,,,,ここに座ってください。,ここにすわってください。,Please sit here.,JLPT N5 Vocabulary List,https://github.com/jamsinclair/open-anki-jlpt-decks,,
expression,N5,vocabulary,,午後,ごご,"afternoon, P.M.",noun,,,,午後、勉強します。,ごご、べんきょうします。,I will study in the afternoon.,JLPT N5 Vocabulary List,https://github.com/jamsinclair/open-anki-jlpt-decks,,
expression,N5,vocabulary,,九日,ここのか,nine days; ninth day of the month,noun,,,,九日に旅行します。,ここのかにりょこうします。,I will travel on the ninth.,JLPT N5 Vocabulary List,https://github.com/jamsinclair/open-anki-jlpt-decks,,
expression,N5,vocabulary,,九つ,ここのつ,nine things,noun,,,,りんごを九つ買いました。,りんごをここのつかいました。,I bought nine apples.,JLPT N5 Vocabulary List,https://github.com/jamsinclair/open-anki-jlpt-decks,,
expression,N5,vocabulary,,午前,ごぜん,"morning, A.M.",noun,,,,午前中は忙しいです。,ごぜんちゅうはいそがしいです。,I am busy in the morning.,JLPT N5 Vocabulary List,https://github.com/jamsinclair/open-anki-jlpt-decks,,
expression,N5,vocabulary,,答える,こたえる,"to answer, to reply",verb,ichidan,transitive,,質問に答えます。,しつもんにこたえます。,I answer the question.,JLPT N5 Vocabulary List,https://github.com/jamsinclair/open-anki-jlpt-decks,,
expression,N5,vocabulary,,こちら,こちら,this person (polite); this way (polite),pronoun,,,,こちらへどうぞ。,こちらへどうぞ。,"This way, please.",JLPT N5 Vocabulary List,https://github.com/jamsinclair/open-anki-jlpt-decks,,
expression,N5,vocabulary,,こっち,こっち,this person; this direction; this side,pronoun,,,,こっちに来てください。,こっちにきてください。,Please come this way.,JLPT N5 Vocabulary List,https://github.com/jamsinclair/open-anki-jlpt-decks,,
expression,N5,vocabulary,,コップ,コップ,a tumbler; a glass,noun,,,,コップに水を入れます。,コップにみずをいれます。,I pour water into the glass.,JLPT N5 Vocabulary List,https://github.com/jamsinclair/open-anki-jlpt-decks,,
expression,N5,vocabulary,,今年,ことし,this year,noun,,,,今年、日本へ行きます。,ことし、にほんへいきます。,I will go to Japan this year.,JLPT N5 Vocabulary List,https://github.com/jamsinclair/open-anki-jlpt-decks,,
expression,N5,vocabulary,,言葉,ことば,language; word(s); expression(s),noun,,,,難しい言葉を覚えます。,むずかしいことばをおぼえます。,I memorize difficult words.,JLPT N5 Vocabulary List,https://github.com/jamsinclair/open-anki-jlpt-decks,,
expression,N5,vocabulary,,子供,こども,child(ren),noun,,,,子供が三人います。,こどもがさんにんいます。,I have three children.,JLPT N5 Vocabulary List,https://github.com/jamsinclair/open-anki-jlpt-decks,,
expression,N5,vocabulary,,この,この,this,determiner,,,,この本は面白いです。,このほんはおもしろいです。,This book is interesting.,JLPT N5 Vocabulary List,https://github.com/jamsinclair/open-anki-jlpt-decks,,
expression,N5,vocabulary,,御飯,ごはん,rice (cooked); meal,noun,,,,御飯を食べます。,ごはんをたべます。,I eat a meal.,JLPT N5 Vocabulary List,https://github.com/jamsinclair/open-anki-jlpt-decks,,
expression,N5,vocabulary,,コピーする,コピーする,to copy,verb,irregular,transitive,,資料をコピーします。,しりょうをコピーします。,I copy the document.,JLPT N5 Vocabulary List,https://github.com/jamsinclair/open-anki-jlpt-decks,,
expression,N5,vocabulary,,困る,こまる,"to be bothered, to have difficulty",verb,godan,intransitive,,お金がなくて困っています。,おかねがなくてこまっています。,I am in trouble because I have no money.,JLPT N5 Vocabulary List,https://github.com/jamsinclair/open-anki-jlpt-decks,,
expression,N5,vocabulary,,これ,これ,this one,pronoun,,,,これは私の傘です。,これはわたしのかさです。,This is my umbrella.,JLPT N5 Vocabulary List,https://github.com/jamsinclair/open-anki-jlpt-decks,,
expression,N5,vocabulary,,～ころ,～ころ,"about, toward, approximately (time)",suffix,,,,三時ごろ会いましょう。,さんじごろあいましょう。,Let's meet around three o'clock.,JLPT N5 Vocabulary List,https://github.com/jamsinclair/open-anki-jlpt-decks,,Alt. spelling: ～ごろ
expression,N5,vocabulary,,～ごろ,～ごろ,"about, toward, approximately (time)",suffix,,,,三時ごろ会いましょう。,さんじごろあいましょう。,Let's meet around three o'clock.,JLPT N5 Vocabulary List,https://github.com/jamsinclair/open-anki-jlpt-decks,,Alt. spelling: ～ころ
expression,N5,vocabulary,,今月,こんげつ,this month,noun,,,,今月、忙しいです。,こんげつ、いそがしいです。,I am busy this month.,JLPT N5 Vocabulary List,https://github.com/jamsinclair/open-anki-jlpt-decks,,
expression,N5,vocabulary,,今週,こんしゅう,this week,noun,,,,今週は暇です。,こんしゅうはひまです。,I am free this week.,JLPT N5 Vocabulary List,https://github.com/jamsinclair/open-anki-jlpt-decks,,
expression,N5,vocabulary,,こんな,こんな,"such, like this",determiner,,,,こんな本が欲しいです。,こんなほんがほしいです。,I want a book like this.,JLPT N5 Vocabulary List,https://github.com/jamsinclair/open-anki-jlpt-decks,,
expression,N5,vocabulary,,今晩,こんばん,"tonight, this evening",noun,,,,今晩、映画を見ます。,こんばん、えいがをみます。,I will watch a movie tonight.,JLPT N5 Vocabulary List,https://github.com/jamsinclair/open-anki-jlpt-decks,,
expression,N5,vocabulary,,さあ,さあ,"come now, well",interjection,,,,さあ、行きましょう。,さあ、いきましょう。,"Well, let's go.",JLPT N5 Vocabulary List,https://github.com/jamsinclair/open-anki-jlpt-decks,,
expression,N5,vocabulary,,～歳,～さい,~ years old,counter,,,,二十歳になりました。,はたちになりました。,I turned twenty years old.,JLPT N5 Vocabulary List,https://github.com/jamsinclair/open-anki-jlpt-decks,,
expression,N5,vocabulary,,財布,さいふ,wallet,noun,,,,財布をなくしました。,さいふをなくしました。,I lost my wallet.,JLPT N5 Vocabulary List,https://github.com/jamsinclair/open-anki-jlpt-decks,,
expression,N5,vocabulary,,魚,さかな,fish,noun,,,,魚を食べます。,さかなをたべます。,I eat fish.,JLPT N5 Vocabulary List,https://github.com/jamsinclair/open-anki-jlpt-decks,,
expression,N5,vocabulary,,先,さき,"future; recent, previous",noun,,,,先のことは分かりません。,さきのことはわかりません。,I don't know about the future.,JLPT N5 Vocabulary List,https://github.com/jamsinclair/open-anki-jlpt-decks,,
expression,N5,vocabulary,,咲く,さく,to bloom,verb,godan,intransitive,,桜が咲きました。,さくらがさきました。,The cherry blossoms bloomed.,JLPT N5 Vocabulary List,https://github.com/jamsinclair/open-anki-jlpt-decks,,
expression,N5,vocabulary,,作文,さくぶん,essay; composition,noun,,,,作文を書きます。,さくぶんをかきます。,I write an essay.,JLPT N5 Vocabulary List,https://github.com/jamsinclair/open-anki-jlpt-decks,,
expression,N5,vocabulary,,差す,さす,"to raise (stretch out) hands, to raise (e.g., umbrella)",verb,godan,transitive,,傘を差します。,かさをさします。,I put up an umbrella.,JLPT N5 Vocabulary List,https://github.com/jamsinclair/open-anki-jlpt-decks,,
expression,N5,vocabulary,,～冊,～さつ,counter for books,counter,,,,本を三冊買いました。,ほんをさんさつかいました。,I bought three books.,JLPT N5 Vocabulary List,https://github.com/jamsinclair/open-anki-jlpt-decks,,
expression,N5,vocabulary,,雑誌,ざっし,"magazine, journal",noun,,,,雑誌を読みます。,ざっしをよみます。,I read a magazine.,JLPT N5 Vocabulary List,https://github.com/jamsinclair/open-anki-jlpt-decks,,
expression,N5,vocabulary,,砂糖,さとう,sugar,noun,,,,砂糖を入れます。,さとうをいれます。,I add sugar.,JLPT N5 Vocabulary List,https://github.com/jamsinclair/open-anki-jlpt-decks,,
expression,N5,vocabulary,,寒い,さむい,cold (in reference to weather),i-adjective,,,,今日は寒いです。,きょうはさむいです。,Today is cold.,JLPT N5 Vocabulary List,https://github.com/jamsinclair/open-anki-jlpt-decks,,
expression,N5,vocabulary,,さ来年,さらいねん,year after next,noun,,,,さ来年、卒業します。,さらいねん、そつぎょうします。,I will graduate the year after next.,JLPT N5 Vocabulary List,https://github.com/jamsinclair/open-anki-jlpt-decks,,
expression,N5,vocabulary,,～さん,～さん,"Mr. ~, Ms. ~",suffix,,,,田中さんに会いました。,たなかさんにあいました。,I met Mr. Tanaka.,JLPT N5 Vocabulary List,https://github.com/jamsinclair/open-anki-jlpt-decks,,
expression,N5,vocabulary,,三,さん,three,noun,,,,三時に会いましょう。,さんじにあいましょう。,Let's meet at three o'clock.,JLPT N5 Vocabulary List,https://github.com/jamsinclair/open-anki-jlpt-decks,,
expression,N5,vocabulary,,散歩,さんぽ (する),"walk, stroll",noun,,,,公園を散歩します。,こうえんをさんぽします。,I take a walk in the park.,JLPT N5 Vocabulary List,https://github.com/jamsinclair/open-anki-jlpt-decks,,
expression,N5,vocabulary,,四,し,four,noun,,,,四時に会いましょう。,よじにあいましょう。,Let's meet at four o'clock.,JLPT N5 Vocabulary List,https://github.com/jamsinclair/open-anki-jlpt-decks,,
expression,N5,vocabulary,,～時,～じ,~ o'clock (time),counter,,,,九時に起きます。,くじにおきます。,I get up at nine o'clock.,JLPT N5 Vocabulary List,https://github.com/jamsinclair/open-anki-jlpt-decks,,
expression,N5,vocabulary,,塩,しお,salt,noun,,,,塩を入れます。,しおをいれます。,I add salt.,JLPT N5 Vocabulary List,https://github.com/jamsinclair/open-anki-jlpt-decks,,
expression,N5,vocabulary,,しかし,しかし,however; but,conjunction,,,,しかし、時間がありません。,しかし、じかんがありません。,"However, I don't have time.",JLPT N5 Vocabulary List,https://github.com/jamsinclair/open-anki-jlpt-decks,,
expression,N5,vocabulary,,時間,じかん,time,noun,,,,時間がありません。,じかんがありません。,I don't have time.,JLPT N5 Vocabulary List,https://github.com/jamsinclair/open-anki-jlpt-decks,,
expression,N5,vocabulary,,～時間,～じかん,~ hours,counter,,,,二時間、勉強しました。,にじかん、べんきょうしました。,I studied for two hours.,JLPT N5 Vocabulary List,https://github.com/jamsinclair/open-anki-jlpt-decks,,
expression,N5,vocabulary,,仕事,しごと,"work, job, occupation, employment",noun,,,,仕事に行きます。,しごとにいきます。,I go to work.,JLPT N5 Vocabulary List,https://github.com/jamsinclair/open-anki-jlpt-decks,,
expression,N5,vocabulary,,辞書,じしょ,dictionary,noun,,,,辞書で調べます。,じしょでしらべます。,I look it up in the dictionary.,JLPT N5 Vocabulary List,https://github.com/jamsinclair/open-anki-jlpt-decks,,
expression,N5,vocabulary,,静か,しずか,"quiet, calm",na-adjective,,,,この部屋は静かです。,このへやはしずかです。,This room is quiet.,JLPT N5 Vocabulary List,https://github.com/jamsinclair/open-anki-jlpt-decks,,
expression,N5,vocabulary,,下,した,"under, below, beneath",noun,,,,机の下に猫がいます。,つくえのしたにねこがいます。,There is a cat under the desk.,JLPT N5 Vocabulary List,https://github.com/jamsinclair/open-anki-jlpt-decks,,
expression,N5,vocabulary,,七,しち,seven,noun,,,,七時に起きます。,しちじにおきます。,I get up at seven o'clock.,JLPT N5 Vocabulary List,https://github.com/jamsinclair/open-anki-jlpt-decks,,
expression,N5,vocabulary,,質問,しつもん,"question, inquiry",noun,,,,質問があります。,しつもんがあります。,I have a question.,JLPT N5 Vocabulary List,https://github.com/jamsinclair/open-anki-jlpt-decks,,
expression,N5,vocabulary,,自転車,じてんしゃ,bicycle,noun,,,,自転車で行きます。,じてんしゃでいきます。,I go by bicycle.,JLPT N5 Vocabulary List,https://github.com/jamsinclair/open-anki-jlpt-decks,,
expression,N5,vocabulary,,自動車,じどうしゃ,automobile,noun,,,,自動車を運転します。,じどうしゃをうんてんします。,I drive a car.,JLPT N5 Vocabulary List,https://github.com/jamsinclair/open-anki-jlpt-decks,,
expression,N5,vocabulary,,死ぬ,しぬ,to die,verb,godan,intransitive,,魚が死にました。,さかながしにました。,The fish died.,JLPT N5 Vocabulary List,https://github.com/jamsinclair/open-anki-jlpt-decks,,
expression,N5,vocabulary,,字引,じびき,dictionary,noun,,,,字引で調べます。,じびきでしらべます。,I look it up in the dictionary.,JLPT N5 Vocabulary List,https://github.com/jamsinclair/open-anki-jlpt-decks,,
expression,N5,vocabulary,,自分,じぶん,"myself, oneself",pronoun,,,,自分で作ります。,じぶんでつくります。,I make it myself.,JLPT N5 Vocabulary List,https://github.com/jamsinclair/open-anki-jlpt-decks,,
expression,N5,vocabulary,,閉まる,しまる,"to close, to be closed",verb,godan,intransitive,閉める,店が閉まりました。,みせがしまりました。,The store closed.,JLPT N5 Vocabulary List,https://github.com/jamsinclair/open-anki-jlpt-decks,,
expression,N5,vocabulary,,閉める,しめる,"to close, to shut",verb,ichidan,transitive,,ドアを閉めます。,ドアをしめます。,I close the door.,JLPT N5 Vocabulary List,https://github.com/jamsinclair/open-anki-jlpt-decks,,
expression,N5,vocabulary,,締める,しめる,"to tie, to fasten, to tighten",verb,ichidan,transitive,,ネクタイを締めます。,ネクタイをしめます。,I fasten my necktie.,JLPT N5 Vocabulary List,https://github.com/jamsinclair/open-anki-jlpt-decks,,
expression,N5,vocabulary,,じゃ,じゃ,"well, well then",interjection,,,,じゃ、また明日。,じゃ、またあした。,"Well then, see you tomorrow.",JLPT N5 Vocabulary List,https://github.com/jamsinclair/open-anki-jlpt-decks,,Alt. spelling: じゃあ
expression,N5,vocabulary,,じゃあ,じゃあ,"well, well then",interjection,,,,じゃ、また明日。,じゃ、またあした。,"Well then, see you tomorrow.",JLPT N5 Vocabulary List,https://github.com/jamsinclair/open-anki-jlpt-decks,,Alt. spelling: じゃ
expression,N5,vocabulary,,写真,しゃしん,a picture; a photograph,noun,,,,写真を撮ります。,しゃしんをとります。,I take a photo.,JLPT N5 Vocabulary List,https://github.com/jamsinclair/open-anki-jlpt-decks,,
expression,N5,vocabulary,,シャツ,シャツ,shirt,noun,,,,シャツを着ます。,シャツをきます。,I put on a shirt.,JLPT N5 Vocabulary List,https://github.com/jamsinclair/open-anki-jlpt-decks,,
expression,N5,vocabulary,,シャワー,シャワー,shower,noun,,,,シャワーを浴びます。,シャワーをあびます。,I take a shower.,JLPT N5 Vocabulary List,https://github.com/jamsinclair/open-anki-jlpt-decks,,
expression,N5,vocabulary,,十,じゅう,ten,noun,,,,りんごを十個買いました。,りんごをじゅっこかいました。,I bought ten apples.,JLPT N5 Vocabulary List,https://github.com/jamsinclair/open-anki-jlpt-decks,,
expression,N5,vocabulary,,～中,～じゅう,"during, while",suffix,,,,一日中、寝ていました。,いちにちじゅう、ねていました。,I was sleeping all day.,JLPT N5 Vocabulary List,https://github.com/jamsinclair/open-anki-jlpt-decks,,
expression,N5,vocabulary,,～週間,～しゅうかん,~ weeks,counter,,,,二週間、旅行します。,にしゅうかん、りょこうします。,I will travel for two weeks.,JLPT N5 Vocabulary List,https://github.com/jamsinclair/open-anki-jlpt-decks,,
expression,N5,vocabulary,,授業,じゅぎょう,a class (of school),noun,,,,授業に出ます。,じゅぎょうにでます。,I attend class.,JLPT N5 Vocabulary List,https://github.com/jamsinclair/open-anki-jlpt-decks,,
expression,N5,vocabulary,,宿題,しゅくだい,homework,noun,,,,宿題をします。,しゅくだいをします。,I do my homework.,JLPT N5 Vocabulary List,https://github.com/jamsinclair/open-anki-jlpt-decks,,
expression,N5,vocabulary,,上手,じょうず,"be good at, skillful",na-adjective,,,,料理が上手です。,りょうりがじょうずです。,I am good at cooking.,JLPT N5 Vocabulary List,https://github.com/jamsinclair/open-anki-jlpt-decks,,
expression,N5,vocabulary,,丈夫,じょうぶ,"strong, solid, durable",na-adjective,,,,体が丈夫です。,からだがじょうぶです。,My body is strong.,JLPT N5 Vocabulary List,https://github.com/jamsinclair/open-anki-jlpt-decks,,
expression,N5,vocabulary,,醤油,しょうゆ,soy sauce,noun,,,,醤油を入れます。,しょうゆをいれます。,I add soy sauce.,JLPT N5 Vocabulary List,https://github.com/jamsinclair/open-anki-jlpt-decks,,
expression,N5,vocabulary,,食堂,しょくどう,"cafeteria, dining hall",noun,,,,食堂で食べます。,しょくどうでたべます。,I eat at the cafeteria.,JLPT N5 Vocabulary List,https://github.com/jamsinclair/open-anki-jlpt-decks,,
expression,N5,vocabulary,,知る,しる,"to know, to understand",verb,godan,transitive,,答えを知っています。,こたえをしっています。,I know the answer.,JLPT N5 Vocabulary List,https://github.com/jamsinclair/open-anki-jlpt-decks,,
expression,N5,vocabulary,,白,しろ,white,noun,,,,白が好きです。,しろがすきです。,I like white.,JLPT N5 Vocabulary List,https://github.com/jamsinclair/open-anki-jlpt-decks,,
expression,N5,vocabulary,,白い,しろい,white,i-adjective,,,,白い猫がいます。,しろいねこがいます。,There is a white cat.,JLPT N5 Vocabulary List,https://github.com/jamsinclair/open-anki-jlpt-decks,,
expression,N5,vocabulary,,～人,～じん,counter for people,counter,,,,三人来ました。,さんにんきました。,Three people came.,JLPT N5 Vocabulary List,https://github.com/jamsinclair/open-anki-jlpt-decks,,
expression,N5,vocabulary,,新聞,しんぶん,newspaper,noun,,,,新聞を読みます。,しんぶんをよみます。,I read the newspaper.,JLPT N5 Vocabulary List,https://github.com/jamsinclair/open-anki-jlpt-decks,,
expression,N5,vocabulary,,水曜日,すいようび,Wednesday,noun,,,,水曜日に会いましょう。,すいようびにあいましょう。,Let's meet on Wednesday.,JLPT N5 Vocabulary List,https://github.com/jamsinclair/open-anki-jlpt-decks,,
expression,N5,vocabulary,,吸う,すう,"to breathe in, to suck",verb,godan,transitive,,空気を吸います。,くうきをすいます。,I breathe in air.,JLPT N5 Vocabulary List,https://github.com/jamsinclair/open-anki-jlpt-decks,,
expression,N5,vocabulary,,スカート,スカート,skirt,noun,,,,スカートを買います。,スカートをかいます。,I buy a skirt.,JLPT N5 Vocabulary List,https://github.com/jamsinclair/open-anki-jlpt-decks,,
expression,N5,vocabulary,,好き,すき,"liking, fondness, love",na-adjective,,,,日本料理が好きです。,にほんりょうりがすきです。,I like Japanese food.,JLPT N5 Vocabulary List,https://github.com/jamsinclair/open-anki-jlpt-decks,,
expression,N5,vocabulary,,～すぎ,～すぎ,"past; to exceed, ~ too much",suffix,,,,十時すぎに来ました。,じゅうじすぎにきました。,He came a little after ten o'clock.,JLPT N5 Vocabulary List,https://github.com/jamsinclair/open-anki-jlpt-decks,,
expression,N5,vocabulary,,少ない,すくない,a little; a few,i-adjective,,,,時間が少ないです。,じかんがすくないです。,There is little time.,JLPT N5 Vocabulary List,https://github.com/jamsinclair/open-anki-jlpt-decks,,
expression,N5,vocabulary,,すぐに,すぐに,"immediately, soon",adverb,,,,すぐに来ます。,すぐにきます。,I will come immediately.,JLPT N5 Vocabulary List,https://github.com/jamsinclair/open-anki-jlpt-decks,,
expression,N5,vocabulary,,少し,すこし,"little, few",adverb,,,,少し休みます。,すこしやすみます。,I will rest a little.,JLPT N5 Vocabulary List,https://github.com/jamsinclair/open-anki-jlpt-decks,,
expression,N5,vocabulary,,涼しい,すずしい,"cool, refreshing (in reference to weather)",i-adjective,,,,今日は涼しいです。,きょうはすずしいです。,Today is cool.,JLPT N5 Vocabulary List,https://github.com/jamsinclair/open-anki-jlpt-decks,,
expression,N5,vocabulary,,～ずつ,～ずつ,at a time,particle,,,,三つずつ配ります。,みっつずつくばります。,I distribute three at a time.,JLPT N5 Vocabulary List,https://github.com/jamsinclair/open-anki-jlpt-decks,,
expression,N5,vocabulary,,ストーブ,ストーブ,heater (lit: stove),noun,,,,ストーブをつけます。,ストーブをつけます。,I turn on the heater.,JLPT N5 Vocabulary List,https://github.com/jamsinclair/open-anki-jlpt-decks,,
expression,N5,vocabulary,,スプーン,スプーン,spoon,noun,,,,スプーンで食べます。,スプーンでたべます。,I eat with a spoon.,JLPT N5 Vocabulary List,https://github.com/jamsinclair/open-anki-jlpt-decks,,
expression,N5,vocabulary,,スポーツ,スポーツ,sport(s),noun,,,,スポーツが好きです。,スポーツがすきです。,I like sports.,JLPT N5 Vocabulary List,https://github.com/jamsinclair/open-anki-jlpt-decks,,
expression,N5,vocabulary,,ズボン,ズボン,trousers,noun,,,,ズボンを買います。,ズボンをかいます。,I buy trousers.,JLPT N5 Vocabulary List,https://github.com/jamsinclair/open-anki-jlpt-decks,,
expression,N5,vocabulary,,住む,すむ,"to reside, to live in",verb,godan,intransitive,,東京に住んでいます。,とうきょうにすんでいます。,I live in Tokyo.,JLPT N5 Vocabulary List,https://github.com/jamsinclair/open-anki-jlpt-decks,,
expression,N5,vocabulary,,する,する,"to do, to try; to wear small items (e.g., necktie, watch, etc.)",verb,irregular,transitive,,勉強をします。,べんきょうをします。,I study.,JLPT N5 Vocabulary List,https://github.com/jamsinclair/open-anki-jlpt-decks,,
expression,N5,vocabulary,,座る,すわる,to sit,verb,godan,intransitive,,椅子に座ります。,いすにすわります。,I sit on the chair.,JLPT N5 Vocabulary List,https://github.com/jamsinclair/open-anki-jlpt-decks,,
expression,N5,vocabulary,,背,せい,"(one's) height, stature",noun,,,,背が高いです。,せいがたかいです。,I am tall.,JLPT N5 Vocabulary List,https://github.com/jamsinclair/open-anki-jlpt-decks,,
expression,N5,vocabulary,,生徒,せいと,student; pupil,noun,,,,生徒が多いです。,せいとがおおいです。,There are many students.,JLPT N5 Vocabulary List,https://github.com/jamsinclair/open-anki-jlpt-decks,,
expression,N5,vocabulary,,セーター,セーター,sweater,noun,,,,セーターを着ます。,セーターをきます。,I wear a sweater.,JLPT N5 Vocabulary List,https://github.com/jamsinclair/open-anki-jlpt-decks,,
expression,N5,vocabulary,,石鹸,せっけん,soap,noun,,,,石鹸で手を洗います。,せっけんでてをあらいます。,I wash my hands with soap.,JLPT N5 Vocabulary List,https://github.com/jamsinclair/open-anki-jlpt-decks,,
expression,N5,vocabulary,,背広,せびろ,men's suit,noun,,,,背広を着ます。,せびろをきます。,I wear a suit.,JLPT N5 Vocabulary List,https://github.com/jamsinclair/open-anki-jlpt-decks,,
expression,N5,vocabulary,,狭い,せまい,narrow; not spacious,i-adjective,,,,この道は狭いです。,このみちはせまいです。,This road is narrow.,JLPT N5 Vocabulary List,https://github.com/jamsinclair/open-anki-jlpt-decks,,
expression,N5,vocabulary,,ゼロ,ゼロ,zero,noun,,,,点数はゼロでした。,てんすうはゼロでした。,The score was zero.,JLPT N5 Vocabulary List,https://github.com/jamsinclair/open-anki-jlpt-decks,,
expression,N5,vocabulary,,千,せん,thousand,noun,,,,千円あります。,せんえんあります。,I have a thousand yen.,JLPT N5 Vocabulary List,https://github.com/jamsinclair/open-anki-jlpt-decks,,
expression,N5,vocabulary,,先月,せんげつ,last month,noun,,,,先月、旅行しました。,せんげつ、りょこうしました。,I traveled last month.,JLPT N5 Vocabulary List,https://github.com/jamsinclair/open-anki-jlpt-decks,,
expression,N5,vocabulary,,先週,せんしゅう,last week,noun,,,,先週、忙しかったです。,せんしゅう、いそがしかったです。,I was busy last week.,JLPT N5 Vocabulary List,https://github.com/jamsinclair/open-anki-jlpt-decks,,
expression,N5,vocabulary,,先生,せんせい,"teacher, professor; master; doctor",noun,,,,先生に質問します。,せんせいにしつもんします。,I ask the teacher a question.,JLPT N5 Vocabulary List,https://github.com/jamsinclair/open-anki-jlpt-decks,,
expression,N5,vocabulary,,洗濯,せんたく,"washing, laundry",noun,,,,洗濯をします。,せんたくをします。,I do the laundry.,JLPT N5 Vocabulary List,https://github.com/jamsinclair/open-anki-jlpt-decks,,
expression,N5,vocabulary,,全部,ぜんぶ,"all, entire, whole",noun,,,,全部食べました。,ぜんぶたべました。,I ate everything.,JLPT N5 Vocabulary List,https://github.com/jamsinclair/open-anki-jlpt-decks,,
expression,N5,vocabulary,,そう,そう,"yes; appears, to be the case",adverb,,,,そうですか。,そうですか。,Is that so?,JLPT N5 Vocabulary List,https://github.com/jamsinclair/open-anki-jlpt-decks,,Alt. spelling: そうです
expression,N5,vocabulary,,そうです,そうです,"yes; appears, to be the case",adverb,,,,そうですか。,そうですか。,Is that so?,JLPT N5 Vocabulary List,https://github.com/jamsinclair/open-anki-jlpt-decks,,Alt. spelling: そう
expression,N5,vocabulary,,掃除,そうじ (する),"cleaning, sweeping",noun,,,,部屋を掃除します。,へやをそうじします。,I clean the room.,JLPT N5 Vocabulary List,https://github.com/jamsinclair/open-anki-jlpt-decks,,
expression,N5,vocabulary,,そうして,そうして,"and, like that",conjunction,,,,手を洗って、そして食べます。,てをあらって、そしてたべます。,"I wash my hands, and then eat.",JLPT N5 Vocabulary List,https://github.com/jamsinclair/open-anki-jlpt-decks,,Alt. spelling: そして
expression,N5,vocabulary,,そして,そして,"and, like that",conjunction,,,,手を洗って、そして食べます。,てをあらって、そしてたべます。,"I wash my hands, and then eat.",JLPT N5 Vocabulary List,https://github.com/jamsinclair/open-anki-jlpt-decks,,Alt. spelling: そうして
expression,N5,vocabulary,,そこ,そこ,"that place, there; bottom, sole",pronoun,,,,そこに置いてください。,そこにおいてください。,Please put it there.,JLPT N5 Vocabulary List,https://github.com/jamsinclair/open-anki-jlpt-decks,,
expression,N5,vocabulary,,そちら,そちら,over there,pronoun,,,,そちらへ行きます。,そちらへいきます。,I will go over there.,JLPT N5 Vocabulary List,https://github.com/jamsinclair/open-anki-jlpt-decks,,
expression,N5,vocabulary,,そっち,そっち,over there,pronoun,,,,そっちに行きます。,そっちにいきます。,I will go that way.,JLPT N5 Vocabulary List,https://github.com/jamsinclair/open-anki-jlpt-decks,,
expression,N5,vocabulary,,外,そと,"outside, exterior",noun,,,,外は寒いです。,そとはさむいです。,It is cold outside.,JLPT N5 Vocabulary List,https://github.com/jamsinclair/open-anki-jlpt-decks,,
expression,N5,vocabulary,,その,その,that,determiner,,,,その本をください。,そのほんをください。,Please give me that book.,JLPT N5 Vocabulary List,https://github.com/jamsinclair/open-anki-jlpt-decks,,
expression,N5,vocabulary,,そば,そば,"near, close, beside; Japanese traditional buckwheat noodle",noun,,,,駅のそばに住んでいます。,えきのそばにすんでいます。,I live near the station.,JLPT N5 Vocabulary List,https://github.com/jamsinclair/open-anki-jlpt-decks,,
expression,N5,vocabulary,,空,そら,sky,noun,,,,空が青いです。,そらがあおいです。,The sky is blue.,JLPT N5 Vocabulary List,https://github.com/jamsinclair/open-anki-jlpt-decks,,
expression,N5,vocabulary,,それ,それ,that one,pronoun,,,,それをください。,それをください。,Please give me that.,JLPT N5 Vocabulary List,https://github.com/jamsinclair/open-anki-jlpt-decks,,
expression,N5,vocabulary,,それから,それから,"and then, after that",conjunction,,,,食べて、それから寝ます。,たべて、それからねます。,"I eat, and then sleep.",JLPT N5 Vocabulary List,https://github.com/jamsinclair/open-anki-jlpt-decks,,
expression,N5,vocabulary,,それでは,それでは,"in that situation, well then...",conjunction,,,,それでは、始めましょう。,それでは、はじめましょう。,"Well then, let's begin.",JLPT N5 Vocabulary List,https://github.com/jamsinclair/open-anki-jlpt-decks,,
expression,N5,vocabulary,,～台,～だい,counter for vehicles; machines,counter,,,,車が二台あります。,くるまがにだいあります。,There are two cars.,JLPT N5 Vocabulary List,https://github.com/jamsinclair/open-anki-jlpt-decks,,
expression,N5,vocabulary,,大学,だいがく,college; university,noun,,,,大学で勉強します。,だいがくでべんきょうします。,I study at university.,JLPT N5 Vocabulary List,https://github.com/jamsinclair/open-anki-jlpt-decks,,
expression,N5,vocabulary,,大使館,たいしかん,embassy,noun,,,,大使館へ行きます。,たいしかんへいきます。,I go to the embassy.,JLPT N5 Vocabulary List,https://github.com/jamsinclair/open-anki-jlpt-decks,,
expression,N5,vocabulary,,大丈夫,だいじょうぶ,It's ok (all right); No need to worry; Everything is under control,na-adjective,,,,大丈夫ですか。,だいじょうぶですか。,Are you okay?,JLPT N5 Vocabulary List,https://github.com/jamsinclair/open-anki-jlpt-decks,,
expression,N5,vocabulary,,大好き,だいすき,"very like-able, like very much",na-adjective,,,,猫が大好きです。,ねこがだいすきです。,I love cats.,JLPT N5 Vocabulary List,https://github.com/jamsinclair/open-anki-jlpt-decks,,
expression,N5,vocabulary,,大切,たいせつ,important,na-adjective,,,,家族は大切です。,かぞくはたいせつです。,Family is important.,JLPT N5 Vocabulary List,https://github.com/jamsinclair/open-anki-jlpt-decks,,
expression,N5,vocabulary,,台所,だいどころ,kitchen,noun,,,,台所で料理をします。,だいどころでりょうりをします。,I cook in the kitchen.,JLPT N5 Vocabulary List,https://github.com/jamsinclair/open-anki-jlpt-decks,,
expression,N5,vocabulary,,大変,たいへん,"very; difficult, hard",na-adjective,,,,今日は大変でした。,きょうはたいへんでした。,Today was tough.,JLPT N5 Vocabulary List,https://github.com/jamsinclair/open-anki-jlpt-decks,,
expression,N5,vocabulary,,高い,たかい,"tall, high; expensive",i-adjective,,,,あの山は高いです。,あのやまはたかいです。,That mountain is high.,JLPT N5 Vocabulary List,https://github.com/jamsinclair/open-anki-jlpt-decks,,
expression,N5,vocabulary,,～だけ,～だけ,"only ~, just ~, as ~",particle,,,,少しだけ食べます。,すこしだけたべます。,I will eat just a little.,JLPT N5 Vocabulary List,https://github.com/jamsinclair/open-anki-jlpt-decks,,
expression,N5,vocabulary,,沢山,たくさん,"many, much",adverb,,,,沢山食べました。,たくさんたべました。,I ate a lot.,JLPT N5 Vocabulary List,https://github.com/jamsinclair/open-anki-jlpt-decks,,
expression,N5,vocabulary,,タクシー,タクシー,taxi,noun,,,,タクシーに乗ります。,タクシーにのります。,I take a taxi.,JLPT N5 Vocabulary List,https://github.com/jamsinclair/open-anki-jlpt-decks,,
expression,N5,vocabulary,,出す,だす,to take (something) out; to hand in (something),verb,godan,transitive,出る,手紙を出します。,てがみをだします。,I send a letter.,JLPT N5 Vocabulary List,https://github.com/jamsinclair/open-anki-jlpt-decks,,
expression,N5,vocabulary,,～たち,～たち,plural suffix,suffix,,,,子供たちが遊んでいます。,こどもたちがあそんでいます。,The children are playing.,JLPT N5 Vocabulary List,https://github.com/jamsinclair/open-anki-jlpt-decks,,
expression,N5,vocabulary,,立つ,たつ,to stand up,verb,godan,intransitive,,椅子から立ちます。,いすからたちます。,I stand up from the chair.,JLPT N5 Vocabulary List,https://github.com/jamsinclair/open-anki-jlpt-decks,,
expression,N5,vocabulary,,たて,たて,"length, height",noun,,,,たては十センチです。,たてはじゅっセンチです。,The height is ten centimeters.,JLPT N5 Vocabulary List,https://github.com/jamsinclair/open-anki-jlpt-decks,,
expression,N5,vocabulary,,建物,たてもの,building,noun,,,,高い建物があります。,たかいたてものがあります。,There is a tall building.,JLPT N5 Vocabulary List,https://github.com/jamsinclair/open-anki-jlpt-decks,,
expression,N5,vocabulary,,楽しい,たのしい,"enjoyable, fun",i-adjective,,,,旅行は楽しいです。,りょこうはたのしいです。,The trip is fun.,JLPT N5 Vocabulary List,https://github.com/jamsinclair/open-anki-jlpt-decks,,
expression,N5,vocabulary,,頼む,たのむ,"to request, to ask (a favor)",verb,godan,transitive,,友達に頼みます。,ともだちにたのみます。,I ask my friend a favor.,JLPT N5 Vocabulary List,https://github.com/jamsinclair/open-anki-jlpt-decks,,
expression,N5,vocabulary,,たばこ,たばこ,"tobacco, cigarettes",noun,,,,たばこを吸いません。,たばこをすいません。,I don't smoke.,JLPT N5 Vocabulary List,https://github.com/jamsinclair/open-anki-jlpt-decks,,
expression,N5,vocabulary,,多分,たぶん,"perhaps, probably, maybe",adverb,,,,多分、明日雨が降ります。,たぶん、あしたあめがふります。,It will probably rain tomorrow.,JLPT N5 Vocabulary List,https://github.com/jamsinclair/open-anki-jlpt-decks,,
expression,N5,vocabulary,,食べ物,たべもの,food,noun,,,,食べ物が好きです。,たべものがすきです。,I like food.,JLPT N5 Vocabulary List,https://github.com/jamsinclair/open-anki-jlpt-decks,,
expression,N5,vocabulary,,食べる,たべる,to eat,verb,ichidan,transitive,,ご飯を食べます。,ごはんをたべます。,I eat rice.,JLPT N5 Vocabulary List,https://github.com/jamsinclair/open-anki-jlpt-decks,,
expression,N5,vocabulary,,卵,たまご,egg,noun,,,,卵を買います。,たまごをかいます。,I buy eggs.,JLPT N5 Vocabulary List,https://github.com/jamsinclair/open-anki-jlpt-decks,,
expression,N5,vocabulary,,誰,だれ,who,pronoun,,,,誰が来ましたか。,だれがきましたか。,Who came?,JLPT N5 Vocabulary List,https://github.com/jamsinclair/open-anki-jlpt-decks,,
expression,N5,vocabulary,,誰か,だれか,someone,pronoun,,,,誰か来ました。,だれかきました。,Someone came.,JLPT N5 Vocabulary List,https://github.com/jamsinclair/open-anki-jlpt-decks,,
expression,N5,vocabulary,,誕生日,たんじょうび,birthday,noun,,,,誕生日はいつですか。,たんじょうびはいつですか。,When is your birthday?,JLPT N5 Vocabulary List,https://github.com/jamsinclair/open-anki-jlpt-decks,,
expression,N5,vocabulary,,段々,だんだん,"gradually, by degrees",adverb,,,,段々暖かくなります。,だんだんあたたかくなります。,It is gradually getting warmer.,JLPT N5 Vocabulary List,https://github.com/jamsinclair/open-anki-jlpt-decks,,
expression,N5,vocabulary,,小さい,ちいさい,"small, little",i-adjective,,,,小さい犬がいます。,ちいさいいぬがいます。,There is a small dog.,JLPT N5 Vocabulary List,https://github.com/jamsinclair/open-anki-jlpt-decks,,
expression,N5,vocabulary,,小さな,ちいさな,"small, little",determiner,,,,小さな町に住んでいます。,ちいさなまちにすんでいます。,I live in a small town.,JLPT N5 Vocabulary List,https://github.com/jamsinclair/open-anki-jlpt-decks,,
expression,N5,vocabulary,,近い,ちかい,"near, close by, short",i-adjective,,,,駅が近いです。,えきがちかいです。,The station is close.,JLPT N5 Vocabulary List,https://github.com/jamsinclair/open-anki-jlpt-decks,,
expression,N5,vocabulary,,違う,ちがう,to be different; to differ; wrong,verb,godan,intransitive,,意見が違います。,いけんがちがいます。,The opinions are different.,JLPT N5 Vocabulary List,https://github.com/jamsinclair/open-anki-jlpt-decks,,
expression,N5,vocabulary,,近く,ちかく,nearby; in the neighborhood,noun,,,,近くに公園があります。,ちかくにこうえんがあります。,There is a park nearby.,JLPT N5 Vocabulary List,https://github.com/jamsinclair/open-anki-jlpt-decks,,
expression,N5,vocabulary,,地下鉄,ちかてつ,"underground train, subway",noun,,,,地下鉄で行きます。,ちかてつでいきます。,I go by subway.,JLPT N5 Vocabulary List,https://github.com/jamsinclair/open-anki-jlpt-decks,,
expression,N5,vocabulary,,地図,ちず,a map,noun,,,,地図を見ます。,ちずをみます。,I look at the map.,JLPT N5 Vocabulary List,https://github.com/jamsinclair/open-anki-jlpt-decks,,
expression,N5,vocabulary,,父,ちち,(my) father,noun,,,,父は会社員です。,ちちはかいしゃいんです。,My father is a company employee.,JLPT N5 Vocabulary List,https://github.com/jamsinclair/open-anki-jlpt-decks,,
expression,N5,vocabulary,,茶色,ちゃいろ,brown,noun,,,,茶色の靴を買いました。,ちゃいろのくつをかいました。,I bought brown shoes.,JLPT N5 Vocabulary List,https://github.com/jamsinclair/open-anki-jlpt-decks,,
expression,N5,vocabulary,,茶碗,ちゃわん,rice bowl,noun,,,,茶碗にご飯を入れます。,ちゃわんにごはんをいれます。,I put rice in the bowl.,JLPT N5 Vocabulary List,https://github.com/jamsinclair/open-anki-jlpt-decks,,
expression,N5,vocabulary,,～中,～ちゅう,"during, while ~ing",suffix,,,,一日中、雨でした。,いちにちじゅう、あめでした。,It rained all day.,JLPT N5 Vocabulary List,https://github.com/jamsinclair/open-anki-jlpt-decks,,
expression,N5,vocabulary,,丁度,ちょうど,"just, right, exactly",adverb,,,,丁度いい時間です。,ちょうどいいじかんです。,It's just the right time.,JLPT N5 Vocabulary List,https://github.com/jamsinclair/open-anki-jlpt-decks,,
expression,N5,vocabulary,,ちょっと,ちょっと,"a little, somewhat; just a little, somewhat",adverb,,,,ちょっと待ってください。,ちょっとまってください。,Please wait a moment.,JLPT N5 Vocabulary List,https://github.com/jamsinclair/open-anki-jlpt-decks,,
expression,N5,vocabulary,,一日,ついたち,one day; first day of the month,noun,,,,一日、休みました。,ついたち、やすみました。,I rested on the first.,JLPT N5 Vocabulary List,https://github.com/jamsinclair/open-anki-jlpt-decks,,
expression,N5,vocabulary,,使う,つかう,to use,verb,godan,transitive,,辞書を使います。,じしょをつかいます。,I use a dictionary.,JLPT N5 Vocabulary List,https://github.com/jamsinclair/open-anki-jlpt-decks,,
expression,N5,vocabulary,,疲れる,つかれる,to get (become) tired; to become fatigued,verb,ichidan,intransitive,,今日は疲れました。,きょうはつかれました。,I am tired today.,JLPT N5 Vocabulary List,https://github.com/jamsinclair/open-anki-jlpt-decks,,
expression,N5,vocabulary,,次,つぎ,next,noun,,,,次の駅で降ります。,つぎのえきでおります。,I will get off at the next station.,JLPT N5 Vocabulary List,https://github.com/jamsinclair/open-anki-jlpt-decks,,
expression,N5,vocabulary,,着く,つく,"to arrive at, to reach",verb,godan,intransitive,,駅に着きました。,えきにつきました。,I arrived at the station.,JLPT N5 Vocabulary List,https://github.com/jamsinclair/open-anki-jlpt-decks,,
expression,N5,vocabulary,,机,つくえ,desk,noun,,,,机の上に本があります。,つくえのうえにほんがあります。,There is a book on the desk.,JLPT N5 Vocabulary List,https://github.com/jamsinclair/open-anki-jlpt-decks,,
expression,N5,vocabulary,,作る,つくる,"to make, to create",verb,godan,transitive,,料理を作ります。,りょうりをつくります。,I make a meal.,JLPT N5 Vocabulary List,https://github.com/jamsinclair/open-anki-jlpt-decks,,
expression,N5,vocabulary,,つける,つける,"to turn on (e.g., a light); to take",verb,ichidan,transitive,,テレビをつけます。,テレビをつけます。,I turn on the TV.,JLPT N5 Vocabulary List,https://github.com/jamsinclair/open-anki-jlpt-decks,,
expression,N5,vocabulary,,勤める,つとめる,to work (for),verb,ichidan,intransitive,,銀行に勤めています。,ぎんこうにつとめています。,I work for a bank.,JLPT N5 Vocabulary List,https://github.com/jamsinclair/open-anki-jlpt-decks,,
expression,N5,vocabulary,,つまらない,つまらない,"boring, dull; insignificant",i-adjective,,,,この映画はつまらないです。,このえいがはつまらないです。,This movie is boring.,JLPT N5 Vocabulary List,https://github.com/jamsinclair/open-anki-jlpt-decks,,
expression,N5,vocabulary,,冷たい,つめたい,"cold (things, people)",i-adjective,,,,水が冷たいです。,みずがつめたいです。,The water is cold.,JLPT N5 Vocabulary List,https://github.com/jamsinclair/open-anki-jlpt-decks,,
expression,N5,vocabulary,,強い,つよい,"strong, powerful",i-adjective,,,,風が強いです。,かぜがつよいです。,The wind is strong.,JLPT N5 Vocabulary List,https://github.com/jamsinclair/open-anki-jlpt-decks,,
expression,N5,vocabulary,,手,て,hand,noun,,,,手を洗います。,てをあらいます。,I wash my hands.,JLPT N5 Vocabulary List,https://github.com/jamsinclair/open-anki-jlpt-decks,,
expression,N5,vocabulary,,テープ,テープ,tape,noun,,,,テープを聞きます。,テープをききます。,I listen to a tape.,JLPT N5 Vocabulary List,https://github.com/jamsinclair/open-anki-jlpt-decks,,
expression,N5,vocabulary,,テープレコーダー,テープレコーダー,tape recorder,noun,,,,テープレコーダーで録音します。,テープレコーダーでろくおんします。,I record with a tape recorder.,JLPT N5 Vocabulary List,https://github.com/jamsinclair/open-anki-jlpt-decks,,
expression,N5,vocabulary,,テーブル,テーブル,table,noun,,,,テーブルに本を置きます。,テーブルにほんをおきます。,I put the book on the table.,JLPT N5 Vocabulary List,https://github.com/jamsinclair/open-anki-jlpt-decks,,
expression,N5,vocabulary,,出かける,でかける,to go out; to depart,verb,ichidan,intransitive,,友達と出かけます。,ともだちとでかけます。,I go out with my friend.,JLPT N5 Vocabulary List,https://github.com/jamsinclair/open-anki-jlpt-decks,,
expression,N5,vocabulary,,手紙,てがみ,letter,noun,,,,手紙を書きます。,てがみをかきます。,I write a letter.,JLPT N5 Vocabulary List,https://github.com/jamsinclair/open-anki-jlpt-decks,,
expression,N5,vocabulary,,できる,できる,to be able to (to accomplish),verb,ichidan,intransitive,,日本語ができます。,にほんごができます。,I can speak Japanese.,JLPT N5 Vocabulary List,https://github.com/jamsinclair/open-anki-jlpt-decks,,
expression,N5,vocabulary,,出口,でぐち,an exit,noun,,,,出口はあそこです。,でぐちはあそこです。,The exit is over there.,JLPT N5 Vocabulary List,https://github.com/jamsinclair/open-anki-jlpt-decks,,
expression,N5,vocabulary,,テスト,テスト,test,noun,,,,明日、テストがあります。,あした、テストがあります。,There is a test tomorrow.,JLPT N5 Vocabulary List,https://github.com/jamsinclair/open-anki-jlpt-decks,,
expression,N5,vocabulary,,では,では,"then, well, so",conjunction,,,,では、始めましょう。,では、はじめましょう。,"Well then, let's begin.",JLPT N5 Vocabulary List,https://github.com/jamsinclair/open-anki-jlpt-decks,,
expression,N5,vocabulary,,デパート,デパート,(abbr.) department store,noun,,,,デパートで買い物をします。,デパートでかいものをします。,I shop at the department store.,JLPT N5 Vocabulary List,https://github.com/jamsinclair/open-anki-jlpt-decks,,
expression,N5,vocabulary,,でも,でも,"but, however",conjunction,,,,疲れました。でも、楽しかったです。,つかれました。でも、たのしかったです。,I got tired. But it was fun.,JLPT N5 Vocabulary List,https://github.com/jamsinclair/open-anki-jlpt-decks,,
expression,N5,vocabulary,,出る,でる,"to appear, to leave",verb,ichidan,intransitive,,駅から人が出ます。,えきからひとがでます。,People come out from the station.,JLPT N5 Vocabulary List,https://github.com/jamsinclair/open-anki-jlpt-decks,,
expression,N5,vocabulary,,テレビ,テレビ,"television, TV",noun,,,,テレビを見ます。,テレビをみます。,I watch TV.,JLPT N5 Vocabulary List,https://github.com/jamsinclair/open-anki-jlpt-decks,,
expression,N5,vocabulary,,天気,てんき,weather,noun,,,,今日は天気がいいです。,きょうはてんきがいいです。,The weather is nice today.,JLPT N5 Vocabulary List,https://github.com/jamsinclair/open-anki-jlpt-decks,,
expression,N5,vocabulary,,電気,でんき,"electricity, (electric) light",noun,,,,電気をつけます。,でんきをつけます。,I turn on the light.,JLPT N5 Vocabulary List,https://github.com/jamsinclair/open-anki-jlpt-decks,,
expression,N5,vocabulary,,電車,でんしゃ,electric train,noun,,,,電車で行きます。,でんしゃでいきます。,I go by train.,JLPT N5 Vocabulary List,https://github.com/jamsinclair/open-anki-jlpt-decks,,
expression,N5,vocabulary,,電話,でんわ,a telephone,noun,,,,電話をかけます。,でんわをかけます。,I make a phone call.,JLPT N5 Vocabulary List,https://github.com/jamsinclair/open-anki-jlpt-decks,,
expression,N5,vocabulary,,戸,と,door (Japanese style),noun,,,,戸を開けます。,とをあけます。,I open the door.,JLPT N5 Vocabulary List,https://github.com/jamsinclair/open-anki-jlpt-decks,,
expression,N5,vocabulary,,～度,～ど,counter for occurrences; ~ degree; ~ point,counter,,,,三度言いました。,さんどいいました。,I said it three times.,JLPT N5 Vocabulary List,https://github.com/jamsinclair/open-anki-jlpt-decks,,
expression,N5,vocabulary,,ドア,ドア,door (Western style),noun,,,,ドアを開けます。,ドアをあけます。,I open the door.,JLPT N5 Vocabulary List,https://github.com/jamsinclair/open-anki-jlpt-decks,,
expression,N5,vocabulary,,トイレ,トイレ,bathroom; toilet,noun,,,,トイレはどこですか。,トイレはどこですか。,Where is the bathroom?,JLPT N5 Vocabulary List,https://github.com/jamsinclair/open-anki-jlpt-decks,,
expression,N5,vocabulary,,どう,どう,"how, in what way",adverb,,,,これはどう思いますか。,これはどうおもいますか。,What do you think of this?,JLPT N5 Vocabulary List,https://github.com/jamsinclair/open-anki-jlpt-decks,,
expression,N5,vocabulary,,どうして,どうして,"why, for what reason",adverb,,,,どうして遅れたのですか。,どうしておくれたのですか。,Why were you late?,JLPT N5 Vocabulary List,https://github.com/jamsinclair/open-anki-jlpt-decks,,
expression,N5,vocabulary,,どうぞ,どうぞ,"please, kindly, by all means",interjection,,,,どうぞ、こちらへ。,どうぞ、こちらへ。,"Please, this way.",JLPT N5 Vocabulary List,https://github.com/jamsinclair/open-anki-jlpt-decks,,
expression,N5,vocabulary,,動物,どうぶつ,animal,noun,,,,動物が好きです。,どうぶつがすきです。,I like animals.,JLPT N5 Vocabulary List,https://github.com/jamsinclair/open-anki-jlpt-decks,,
expression,N5,vocabulary,,どうも,どうも,Thank you; somehow; no matter how hard one may try,interjection,,,,どうもありがとう。,どうもありがとう。,Thank you very much.,JLPT N5 Vocabulary List,https://github.com/jamsinclair/open-anki-jlpt-decks,,
expression,N5,vocabulary,,十,(〜を) とお,ten (~),noun,,,,りんごが十あります。,りんごがとおあります。,There are ten apples.,JLPT N5 Vocabulary List,https://github.com/jamsinclair/open-anki-jlpt-decks,,
expression,N5,vocabulary,,遠い,とおい,"far (away), distant",i-adjective,,,,駅は遠いです。,えきはとおいです。,The station is far.,JLPT N5 Vocabulary List,https://github.com/jamsinclair/open-anki-jlpt-decks,,
expression,N5,vocabulary,,十日,とおか,ten days; tenth day of the month,noun,,,,十日に会いましょう。,とおかにあいましょう。,Let's meet on the tenth.,JLPT N5 Vocabulary List,https://github.com/jamsinclair/open-anki-jlpt-decks,,
expression,N5,vocabulary,,～時,～とき,at the time of ~,suffix,,,,子供の時、よく遊びました。,こどものとき、よくあそびました。,I often played when I was a child.,JLPT N5 Vocabulary List,https://github.com/jamsinclair/open-anki-jlpt-decks,,
expression,N5,vocabulary,,時々,ときどき,sometimes,adverb,,,,時々、映画を見ます。,ときどき、えいがをみます。,I sometimes watch movies.,JLPT N5 Vocabulary List,https://github.com/jamsinclair/open-anki-jlpt-decks,,
expression,N5,vocabulary,,時計,とけい,a watch; a clock,noun,,,,時計を見ます。,とけいをみます。,I look at the clock.,JLPT N5 Vocabulary List,https://github.com/jamsinclair/open-anki-jlpt-decks,,
expression,N5,vocabulary,,どこ,どこ,"where, what place",pronoun,,,,どこへ行きますか。,どこへいきますか。,Where are you going?,JLPT N5 Vocabulary List,https://github.com/jamsinclair/open-anki-jlpt-decks,,
expression,N5,vocabulary,,所,ところ,place,noun,,,,いい所ですね。,いいところですね。,"It's a nice place, isn't it?",JLPT N5 Vocabulary List,https://github.com/jamsinclair/open-anki-jlpt-decks,,
expression,N5,vocabulary,,年,とし,"year, age",noun,,,,今年、二十歳です。,ことし、はたちです。,I am twenty years old this year.,JLPT N5 Vocabulary List,https://github.com/jamsinclair/open-anki-jlpt-decks,,
expression,N5,vocabulary,,図書館,としょかん,library,noun,,,,図書館で勉強します。,としょかんでべんきょうします。,I study at the library.,JLPT N5 Vocabulary List,https://github.com/jamsinclair/open-anki-jlpt-decks,,
expression,N5,vocabulary,,どちら,どちら,which (one) (way); where (polite),pronoun,,,,どちらが好きですか。,どちらがすきですか。,Which one do you like?,JLPT N5 Vocabulary List,https://github.com/jamsinclair/open-anki-jlpt-decks,,
expression,N5,vocabulary,,どっち,どっち,"which one, which way",pronoun,,,,どっちがいいですか。,どっちがいいですか。,Which one is better?,JLPT N5 Vocabulary List,https://github.com/jamsinclair/open-anki-jlpt-decks,,
expression,N5,vocabulary,,とても,とても,"very (much), greatly, exceedingly",adverb,,,,とても暑いです。,とてもあついです。,It is very hot.,JLPT N5 Vocabulary List,https://github.com/jamsinclair/open-anki-jlpt-decks,,
expression,N5,vocabulary,,どなた,どなた,who,pronoun,,,,どなたですか。,どなたですか。,Who are you?,JLPT N5 Vocabulary List,https://github.com/jamsinclair/open-anki-jlpt-decks,,
expression,N5,vocabulary,,隣,となり,"next to, next door to",noun,,,,隣に座ります。,となりにすわります。,I sit next to you.,JLPT N5 Vocabulary List,https://github.com/jamsinclair/open-anki-jlpt-decks,,
expression,N5,vocabulary,,どの,どの,which,determiner,,,,どの本がいいですか。,どのほんがいいですか。,Which book is good?,JLPT N5 Vocabulary List,https://github.com/jamsinclair/open-anki-jlpt-decks,,
expression,N5,vocabulary,,飛ぶ,とぶ,"to fly, to hop",verb,godan,intransitive,,鳥が飛んでいます。,とりがとんでいます。,A bird is flying.,JLPT N5 Vocabulary List,https://github.com/jamsinclair/open-anki-jlpt-decks,,
expression,N5,vocabulary,,止まる,とまる,to come to a halt,verb,godan,intransitive,,バスが止まりました。,バスがとまりました。,The bus stopped.,JLPT N5 Vocabulary List,https://github.com/jamsinclair/open-anki-jlpt-decks,,
expression,N5,vocabulary,,友達,ともだち,friend,noun,,,,友達と遊びます。,ともだちとあそびます。,I play with my friend.,JLPT N5 Vocabulary List,https://github.com/jamsinclair/open-anki-jlpt-decks,,
expression,N5,vocabulary,,土曜日,どようび,Saturday,noun,,,,土曜日は休みです。,どようびはやすみです。,Saturday is a day off.,JLPT N5 Vocabulary List,https://github.com/jamsinclair/open-anki-jlpt-decks,,
expression,N5,vocabulary,,鳥,とり,"chicken (lit., bird)",noun,,,,公園に鳥がいます。,こうえんにとりがいます。,There is a bird in the park.,JLPT N5 Vocabulary List,https://github.com/jamsinclair/open-anki-jlpt-decks,,
expression,N5,vocabulary,,鶏肉,とりにく,chicken meat,noun,,,,鶏肉を食べます。,とりにくをたべます。,I eat chicken.,JLPT N5 Vocabulary List,https://github.com/jamsinclair/open-anki-jlpt-decks,,
expression,N5,vocabulary,,取る,とる,to take (a class); to get (a grade),verb,godan,transitive,,日本語のクラスを取ります。,にほんごのクラスをとります。,I take a Japanese class.,JLPT N5 Vocabulary List,https://github.com/jamsinclair/open-anki-jlpt-decks,,
expression,N5,vocabulary,,撮る,とる,"to take (a photo), to make (a film)",verb,godan,transitive,,写真を撮ります。,しゃしんをとります。,I take a photo.,JLPT N5 Vocabulary List,https://github.com/jamsinclair/open-anki-jlpt-decks,,
expression,N5,vocabulary,,どれ,どれ,which one,pronoun,,,,どれが好きですか。,どれがすきですか。,Which one do you like?,JLPT N5 Vocabulary List,https://github.com/jamsinclair/open-anki-jlpt-decks,,
expression,N5,vocabulary,,どんな,どんな,"what, what kind of",determiner,,,,どんな music が好きですか。,どんなおんがくがすきですか。,What kind of music do you like?,JLPT N5 Vocabulary List,https://github.com/jamsinclair/open-anki-jlpt-decks,,
expression,N5,vocabulary,,ない,ない,"there isn't, doesn't have",i-adjective,,,,時間がない。,じかんがない。,There is no time.,JLPT N5 Vocabulary List,https://github.com/jamsinclair/open-anki-jlpt-decks,,
expression,N5,vocabulary,,ナイフ,ナイフ,knife,noun,,,,ナイフで切ります。,ナイフできります。,I cut it with a knife.,JLPT N5 Vocabulary List,https://github.com/jamsinclair/open-anki-jlpt-decks,,
expression,N5,vocabulary,,中,なか,"inside, middle, among",noun,,,,部屋の中にいます。,へやのなかにいます。,I am inside the room.,JLPT N5 Vocabulary List,https://github.com/jamsinclair/open-anki-jlpt-decks,,
expression,N5,vocabulary,,長い,ながい,"long, lengthy",i-adjective,,,,髪が長いです。,かみがながいです。,My hair is long.,JLPT N5 Vocabulary List,https://github.com/jamsinclair/open-anki-jlpt-decks,,
expression,N5,vocabulary,,鳴く,なく,to make sound (animal),verb,godan,intransitive,,鳥が鳴いています。,とりがないています。,The bird is chirping.,JLPT N5 Vocabulary List,https://github.com/jamsinclair/open-anki-jlpt-decks,,
expression,N5,vocabulary,,無くす,なくす,to lose something,verb,godan,transitive,,財布を無くしました。,さいふをなくしました。,I lost my wallet.,JLPT N5 Vocabulary List,https://github.com/jamsinclair/open-anki-jlpt-decks,,
expression,N5,vocabulary,,なぜ,なぜ,why (same as どうして),adverb,,,,なぜ泣いていますか。,なぜないていますか。,Why are you crying?,JLPT N5 Vocabulary List,https://github.com/jamsinclair/open-anki-jlpt-decks,,
expression,N5,vocabulary,,夏,なつ,summer,noun,,,,夏は暑いです。,なつはあついです。,Summer is hot.,JLPT N5 Vocabulary List,https://github.com/jamsinclair/open-anki-jlpt-decks,,
expression,N5,vocabulary,,夏休み,なつやすみ,summer vacation,noun,,,,夏休みに旅行します。,なつやすみにりょこうします。,I will travel during summer vacation.,JLPT N5 Vocabulary List,https://github.com/jamsinclair/open-anki-jlpt-decks,,
expression,N5,vocabulary,,～など,～など,et cetera,particle,,,,りんごやみかんなどを買いました。,りんごやみかんなどをかいました。,"I bought apples, mandarins, etc.",JLPT N5 Vocabulary List,https://github.com/jamsinclair/open-anki-jlpt-decks,,
expression,N5,vocabulary,,七つ,ななつ,seven things,noun,,,,りんごを七つ買いました。,りんごをななつかいました。,I bought seven apples.,JLPT N5 Vocabulary List,https://github.com/jamsinclair/open-anki-jlpt-decks,,
expression,N5,vocabulary,,何,なん; なに,what,pronoun,,,,これは何ですか。,これはなんですか。,What is this?,JLPT N5 Vocabulary List,https://github.com/jamsinclair/open-anki-jlpt-decks,,
expression,N5,vocabulary,,七日,なのか,seven days; seventh day (of the month),noun,,,,七日に会いましょう。,なのかにあいましょう。,Let's meet on the seventh.,JLPT N5 Vocabulary List,https://github.com/jamsinclair/open-anki-jlpt-decks,,
expression,N5,vocabulary,,名前,なまえ,name,noun,,,,名前を書いてください。,なまえをかいてください。,Please write your name.,JLPT N5 Vocabulary List,https://github.com/jamsinclair/open-anki-jlpt-decks,,
expression,N5,vocabulary,,習う,ならう,to learn,verb,godan,transitive,,日本語を習います。,にほんごをならいます。,I learn Japanese.,JLPT N5 Vocabulary List,https://github.com/jamsinclair/open-anki-jlpt-decks,,
expression,N5,vocabulary,,並ぶ,ならぶ,"to line up, to stand in a line (v.i.)",verb,godan,intransitive,並べる,人が並んでいます。,ひとがならんでいます。,People are lining up.,JLPT N5 Vocabulary List,https://github.com/jamsinclair/open-anki-jlpt-decks,,
expression,N5,vocabulary,,並べる,ならべる,to put (things) side by side; to line up,verb,ichidan,transitive,,本を並べます。,ほんをならべます。,I line up the books.,JLPT N5 Vocabulary List,https://github.com/jamsinclair/open-anki-jlpt-decks,,
expression,N5,vocabulary,,なる,なる,to become,verb,godan,intransitive,,医者になります。,いしゃになります。,I will become a doctor.,JLPT N5 Vocabulary List,https://github.com/jamsinclair/open-anki-jlpt-decks,,
expression,N5,vocabulary,,何～,なん～,what sort of ~,prefix,,,,何色が好きですか。,なにいろがすきですか。,What color do you like?,JLPT N5 Vocabulary List,https://github.com/jamsinclair/open-anki-jlpt-decks,,
expression,N5,vocabulary,,二,に,two,noun,,,,二時に会いましょう。,にじにあいましょう。,Let's meet at two o'clock.,JLPT N5 Vocabulary List,https://github.com/jamsinclair/open-anki-jlpt-decks,,
expression,N5,vocabulary,,にぎやか,にぎやか,"bustling, busy",na-adjective,,,,この街はにぎやかです。,このまちはにぎやかです。,This town is bustling.,JLPT N5 Vocabulary List,https://github.com/jamsinclair/open-anki-jlpt-decks,,
expression,N5,vocabulary,,肉,にく,meat,noun,,,,肉を食べます。,にくをたべます。,I eat meat.,JLPT N5 Vocabulary List,https://github.com/jamsinclair/open-anki-jlpt-decks,,
expression,N5,vocabulary,,西,にし,west,noun,,,,西へ行きます。,にしへいきます。,I go to the west.,JLPT N5 Vocabulary List,https://github.com/jamsinclair/open-anki-jlpt-decks,,
expression,N5,vocabulary,,～日,～にち,"~ day of the month, for ~ days",counter,,,,五日に会いましょう。,いつかにあいましょう。,Let's meet on the fifth.,JLPT N5 Vocabulary List,https://github.com/jamsinclair/open-anki-jlpt-decks,,
expression,N5,vocabulary,,日曜日,にちようび,Sunday,noun,,,,日曜日は休みです。,にちようびはやすみです。,Sunday is a day off.,JLPT N5 Vocabulary List,https://github.com/jamsinclair/open-anki-jlpt-decks,,
expression,N5,vocabulary,,荷物,にもつ,luggage; baggage,noun,,,,荷物を運びます。,にもつをはこびます。,I carry the luggage.,JLPT N5 Vocabulary List,https://github.com/jamsinclair/open-anki-jlpt-decks,,
expression,N5,vocabulary,,ニュース,ニュース,news,noun,,,,ニュースを見ます。,ニュースをみます。,I watch the news.,JLPT N5 Vocabulary List,https://github.com/jamsinclair/open-anki-jlpt-decks,,
expression,N5,vocabulary,,庭,にわ,garden,noun,,,,庭に花を植えます。,にわにはなをうえます。,I plant flowers in the garden.,JLPT N5 Vocabulary List,https://github.com/jamsinclair/open-anki-jlpt-decks,,
expression,N5,vocabulary,,～人,～にん,counter for people,counter,,,,三人来ました。,さんにんきました。,Three people came.,JLPT N5 Vocabulary List,https://github.com/jamsinclair/open-anki-jlpt-decks,,
expression,N5,vocabulary,,脱ぐ,ぬぐ,to take off (clothes),verb,godan,transitive,,靴を脱ぎます。,くつをぬぎます。,I take off my shoes.,JLPT N5 Vocabulary List,https://github.com/jamsinclair/open-anki-jlpt-decks,,
expression,N5,vocabulary,,温い,ぬるい,lukewarm,i-adjective,,,,お茶がぬるいです。,おちゃがぬるいです。,The tea is lukewarm.,JLPT N5 Vocabulary List,https://github.com/jamsinclair/open-anki-jlpt-decks,,
expression,N5,vocabulary,,ネクタイ,ネクタイ,"tie, necktie",noun,,,,ネクタイを締めます。,ネクタイをしめます。,I fasten my necktie.,JLPT N5 Vocabulary List,https://github.com/jamsinclair/open-anki-jlpt-decks,,
expression,N5,vocabulary,,猫,ねこ,cat,noun,,,,猫が好きです。,ねこがすきです。,I like cats.,JLPT N5 Vocabulary List,https://github.com/jamsinclair/open-anki-jlpt-decks,,
expression,N5,vocabulary,,寝る,ねる,to sleep; to go to sleep; to go to bed,verb,ichidan,intransitive,,早く寝ます。,はやくねます。,I go to sleep early.,JLPT N5 Vocabulary List,https://github.com/jamsinclair/open-anki-jlpt-decks,,
expression,N5,vocabulary,,～年,～ねん,~ years,counter,,,,日本に三年います。,にほんにさんねんいます。,I have been in Japan for three years.,JLPT N5 Vocabulary List,https://github.com/jamsinclair/open-anki-jlpt-decks,,
expression,N5,vocabulary,,ノート,ノート,notebook,noun,,,,ノートに書きます。,ノートにかきます。,I write in my notebook.,JLPT N5 Vocabulary List,https://github.com/jamsinclair/open-anki-jlpt-decks,,
expression,N5,vocabulary,,登る,のぼる,to climb,verb,godan,intransitive,,山に登ります。,やまにのぼります。,I climb the mountain.,JLPT N5 Vocabulary List,https://github.com/jamsinclair/open-anki-jlpt-decks,,
expression,N5,vocabulary,,飲み物,のみもの,"drink, beverage",noun,,,,飲み物は何がいいですか。,のみものはなにがいいですか。,What would you like to drink?,JLPT N5 Vocabulary List,https://github.com/jamsinclair/open-anki-jlpt-decks,,
expression,N5,vocabulary,,飲む,のむ,to drink,verb,godan,transitive,,水を飲みます。,みずをのみます。,I drink water.,JLPT N5 Vocabulary List,https://github.com/jamsinclair/open-anki-jlpt-decks,,
expression,N5,vocabulary,,乗る,のる,"to get on, to ride in, to board",verb,godan,intransitive,,バスに乗ります。,バスにのります。,I get on the bus.,JLPT N5 Vocabulary List,https://github.com/jamsinclair/open-anki-jlpt-decks,,
expression,N5,vocabulary,,歯,は,tooth,noun,,,,歯を磨きます。,はをみがきます。,I brush my teeth.,JLPT N5 Vocabulary List,https://github.com/jamsinclair/open-anki-jlpt-decks,,
expression,N5,vocabulary,,パーティー,パーティー,a party,noun,,,,パーティーに行きます。,パーティーにいきます。,I go to a party.,JLPT N5 Vocabulary List,https://github.com/jamsinclair/open-anki-jlpt-decks,,
expression,N5,vocabulary,,はい,はい,yes,interjection,,,,はい、そうです。,はい、そうです。,"Yes, that's right.",JLPT N5 Vocabulary List,https://github.com/jamsinclair/open-anki-jlpt-decks,,
expression,N5,vocabulary,,～杯,～はい,counter for cupfuls,counter,,,,水を一杯ください。,みずをいっぱいください。,"One glass of water, please.",JLPT N5 Vocabulary List,https://github.com/jamsinclair/open-anki-jlpt-decks,,
expression,N5,vocabulary,,灰皿,はいざら,ashtray,noun,,,,灰皿はどこですか。,はいざらはどこですか。,Where is the ashtray?,JLPT N5 Vocabulary List,https://github.com/jamsinclair/open-anki-jlpt-decks,,
expression,N5,vocabulary,,入る,はいる,"to enter, to contain, to hold",verb,godan,intransitive,,部屋に入ります。,へやにはいります。,I enter the room.,JLPT N5 Vocabulary List,https://github.com/jamsinclair/open-anki-jlpt-decks,,
expression,N5,vocabulary,,葉書,はがき,postcard,noun,,,,葉書を送ります。,はがきをおくります。,I send a postcard.,JLPT N5 Vocabulary List,https://github.com/jamsinclair/open-anki-jlpt-decks,,
expression,N5,vocabulary,,はく,はく,to put on (items below your waist),verb,godan,transitive,,靴下をはきます。,くつしたをはきます。,I put on socks.,JLPT N5 Vocabulary List,https://github.com/jamsinclair/open-anki-jlpt-decks,,
expression,N5,vocabulary,,箱,はこ,box,noun,,,,箱に入れます。,はこにいれます。,I put it in the box.,JLPT N5 Vocabulary List,https://github.com/jamsinclair/open-anki-jlpt-decks,,
expression,N5,vocabulary,,橋,はし,bridge,noun,,,,橋を渡ります。,はしをわたります。,I cross the bridge.,JLPT N5 Vocabulary List,https://github.com/jamsinclair/open-anki-jlpt-decks,,
expression,N5,vocabulary,,箸,はし,chopsticks,noun,,,,箸で食べます。,はしでたべます。,I eat with chopsticks.,JLPT N5 Vocabulary List,https://github.com/jamsinclair/open-anki-jlpt-decks,,
expression,N5,vocabulary,,始まる,はじまる,(something) begins,verb,godan,intransitive,,授業が始まります。,じゅぎょうがはじまります。,The class begins.,JLPT N5 Vocabulary List,https://github.com/jamsinclair/open-anki-jlpt-decks,,
expression,N5,vocabulary,,初め,はじめ,"beginning, start",noun,,,,初めに名前を書きます。,はじめになまえをかきます。,"First, write your name.",JLPT N5 Vocabulary List,https://github.com/jamsinclair/open-anki-jlpt-decks,,Alt. spelling: 始め
expression,N5,vocabulary,,始め,はじめ,"beginning, start",noun,,,,初めに名前を書きます。,はじめになまえをかきます。,"First, write your name.",JLPT N5 Vocabulary List,https://github.com/jamsinclair/open-anki-jlpt-decks,,Alt. spelling: 初め
expression,N5,vocabulary,,初めて,はじめて,for the first time,adverb,,,,初めて日本へ行きました。,はじめてにほんへいきました。,I went to Japan for the first time.,JLPT N5 Vocabulary List,https://github.com/jamsinclair/open-anki-jlpt-decks,,
expression,N5,vocabulary,,走る,はしる,to run,verb,godan,intransitive,,公園を走ります。,こうえんをはしります。,I run in the park.,JLPT N5 Vocabulary List,https://github.com/jamsinclair/open-anki-jlpt-decks,,
expression,N5,vocabulary,,バス,バス,bus; bath; bass,noun,,,,バスに乗ります。,バスにのります。,I get on the bus.,JLPT N5 Vocabulary List,https://github.com/jamsinclair/open-anki-jlpt-decks,,
expression,N5,vocabulary,,バター,バター,butter,noun,,,,パンにバターを塗ります。,パンにバターをぬります。,I spread butter on the bread.,JLPT N5 Vocabulary List,https://github.com/jamsinclair/open-anki-jlpt-decks,,
expression,N5,vocabulary,,二十歳,はたち,20 years old,noun,,,,二十歳になりました。,はたちになりました。,I turned twenty.,JLPT N5 Vocabulary List,https://github.com/jamsinclair/open-anki-jlpt-decks,,
expression,N5,vocabulary,,働く,はたらく,to work,verb,godan,intransitive,,会社で働きます。,かいしゃではたらきます。,I work at a company.,JLPT N5 Vocabulary List,https://github.com/jamsinclair/open-anki-jlpt-decks,,
expression,N5,vocabulary,,八,はち,eight,noun,,,,八時に起きます。,はちじにおきます。,I get up at eight o'clock.,JLPT N5 Vocabulary List,https://github.com/jamsinclair/open-anki-jlpt-decks,,
expression,N5,vocabulary,,二十日,はつか,"twenty days, twentieth (day of the month)",noun,,,,二十日に会いましょう。,はつかにあいましょう。,Let's meet on the twentieth.,JLPT N5 Vocabulary List,https://github.com/jamsinclair/open-anki-jlpt-decks,,
expression,N5,vocabulary,,花,はな,flower,noun,,,,花を買います。,はなをかいます。,I buy flowers.,JLPT N5 Vocabulary List,https://github.com/jamsinclair/open-anki-jlpt-decks,,
expression,N5,vocabulary,,鼻,はな,nose,noun,,,,鼻が痛いです。,はながいたいです。,My nose hurts.,JLPT N5 Vocabulary List,https://github.com/jamsinclair/open-anki-jlpt-decks,,
expression,N5,vocabulary,,話,はなし,"talk (chat), story",noun,,,,面白い話を聞きました。,おもしろいはなしをききました。,I heard an interesting story.,JLPT N5 Vocabulary List,https://github.com/jamsinclair/open-anki-jlpt-decks,,
expression,N5,vocabulary,,話す,はなす,to speak,verb,godan,transitive,,友達と話します。,ともだちとはなします。,I talk with my friend.,JLPT N5 Vocabulary List,https://github.com/jamsinclair/open-anki-jlpt-decks,,
expression,N5,vocabulary,,母,はは,(my) mother,noun,,,,母は先生です。,はははせんせいです。,My mother is a teacher.,JLPT N5 Vocabulary List,https://github.com/jamsinclair/open-anki-jlpt-decks,,
expression,N5,vocabulary,,早い,はやい,early,i-adjective,,,,朝早く起きます。,あさはやくおきます。,I get up early in the morning.,JLPT N5 Vocabulary List,https://github.com/jamsinclair/open-anki-jlpt-decks,,
expression,N5,vocabulary,,速い,はやい,"fast, quick",i-adjective,,,,彼は足が速いです。,かれはあしがはやいです。,He is fast on his feet.,JLPT N5 Vocabulary List,https://github.com/jamsinclair/open-anki-jlpt-decks,,
expression,N5,vocabulary,,春,はる,spring,noun,,,,春は暖かいです。,はるはあたたかいです。,Spring is warm.,JLPT N5 Vocabulary List,https://github.com/jamsinclair/open-anki-jlpt-decks,,
expression,N5,vocabulary,,貼る,はる,to post; to paste; to attach,verb,godan,transitive,,壁にポスターを貼ります。,かべにポスターをはります。,I stick a poster on the wall.,JLPT N5 Vocabulary List,https://github.com/jamsinclair/open-anki-jlpt-decks,,
expression,N5,vocabulary,,晴れ,はれ,clear (sunny) weather,noun,,,,今日は晴れです。,きょうははれです。,Today is sunny.,JLPT N5 Vocabulary List,https://github.com/jamsinclair/open-anki-jlpt-decks,,
expression,N5,vocabulary,,晴れる,はれる,to be sunny,verb,ichidan,intransitive,,明日は晴れるでしょう。,あしたははれるでしょう。,It will probably be sunny tomorrow.,JLPT N5 Vocabulary List,https://github.com/jamsinclair/open-anki-jlpt-decks,,
expression,N5,vocabulary,,半,はん,"half (e.g., にじはん | half-past two)",noun,,,,二時半に会いましょう。,にじはんにあいましょう。,Let's meet at half past two.,JLPT N5 Vocabulary List,https://github.com/jamsinclair/open-anki-jlpt-decks,,
expression,N5,vocabulary,,晩,ばん,evening,noun,,,,今晩、電話します。,こんばん、でんわします。,I will call tonight.,JLPT N5 Vocabulary List,https://github.com/jamsinclair/open-anki-jlpt-decks,,
expression,N5,vocabulary,,～番,～ばん,~st; ~th best,counter,,,,一番好きです。,いちばんすきです。,I like it the best.,JLPT N5 Vocabulary List,https://github.com/jamsinclair/open-anki-jlpt-decks,,
expression,N5,vocabulary,,パン,パン,bread,noun,,,,パンを食べます。,パンをたべます。,I eat bread.,JLPT N5 Vocabulary List,https://github.com/jamsinclair/open-anki-jlpt-decks,,
expression,N5,vocabulary,,ハンカチ,ハンカチ,handkerchief,noun,,,,ハンカチを持っています。,ハンカチをもっています。,I have a handkerchief.,JLPT N5 Vocabulary List,https://github.com/jamsinclair/open-anki-jlpt-decks,,
expression,N5,vocabulary,,番号,ばんごう,"number, series of digits",noun,,,,電話番号を教えます。,でんわばんごうをおしえます。,I tell you my phone number.,JLPT N5 Vocabulary List,https://github.com/jamsinclair/open-anki-jlpt-decks,,
expression,N5,vocabulary,,晩御飯,ばんごはん,"dinner, evening meal",noun,,,,晩御飯を食べます。,ばんごはんをたべます。,I eat dinner.,JLPT N5 Vocabulary List,https://github.com/jamsinclair/open-anki-jlpt-decks,,
expression,N5,vocabulary,,半分,はんぶん,half,noun,,,,半分に分けます。,はんぶんにわけます。,I divide it in half.,JLPT N5 Vocabulary List,https://github.com/jamsinclair/open-anki-jlpt-decks,,
expression,N5,vocabulary,,東,ひがし,east,noun,,,,東へ行きます。,ひがしへいきます。,I go to the east.,JLPT N5 Vocabulary List,https://github.com/jamsinclair/open-anki-jlpt-decks,,
expression,N5,vocabulary,,～匹,～ひき,counter for small animals,counter,,,,犬が二匹います。,いぬがにひきいます。,There are two dogs.,JLPT N5 Vocabulary List,https://github.com/jamsinclair/open-anki-jlpt-decks,,
expression,N5,vocabulary,,引く,ひく,"to pull, to draw; subtract",verb,godan,transitive,,線を引きます。,せんをひきます。,I draw a line.,JLPT N5 Vocabulary List,https://github.com/jamsinclair/open-anki-jlpt-decks,,
expression,N5,vocabulary,,弾く,ひく,to play (a string instrument or piano),verb,godan,transitive,,ピアノを弾きます。,ピアノをひきます。,I play the piano.,JLPT N5 Vocabulary List,https://github.com/jamsinclair/open-anki-jlpt-decks,,
expression,N5,vocabulary,,低い,ひくい,"short, low",i-adjective,,,,背が低いです。,せがひくいです。,I am short.,JLPT N5 Vocabulary List,https://github.com/jamsinclair/open-anki-jlpt-decks,,
expression,N5,vocabulary,,飛行機,ひこうき,airplane,noun,,,,飛行機に乗ります。,ひこうきにのります。,I get on an airplane.,JLPT N5 Vocabulary List,https://github.com/jamsinclair/open-anki-jlpt-decks,,
expression,N5,vocabulary,,左,ひだり,left hand side,noun,,,,左に曲がります。,ひだりにまがります。,I turn left.,JLPT N5 Vocabulary List,https://github.com/jamsinclair/open-anki-jlpt-decks,,
expression,N5,vocabulary,,人,ひと,"man, person",noun,,,,人が多いです。,ひとがおおいです。,There are many people.,JLPT N5 Vocabulary List,https://github.com/jamsinclair/open-anki-jlpt-decks,,
expression,N5,vocabulary,,一つ,ひとつ,one thing,noun,,,,りんごを一つください。,りんごをひとつください。,"One apple, please.",JLPT N5 Vocabulary List,https://github.com/jamsinclair/open-anki-jlpt-decks,,
expression,N5,vocabulary,,一月,ひとつき,one month,noun,,,,一月休みます。,ひとつきやすみます。,I will rest for one month.,JLPT N5 Vocabulary List,https://github.com/jamsinclair/open-anki-jlpt-decks,,
expression,N5,vocabulary,,一人,ひとり,one person,noun,,,,一人で行きます。,ひとりでいきます。,I go alone.,JLPT N5 Vocabulary List,https://github.com/jamsinclair/open-anki-jlpt-decks,,
expression,N5,vocabulary,,暇,ひま,"free time, leisure",na-adjective,,,,今、暇です。,いま、ひまです。,I am free right now.,JLPT N5 Vocabulary List,https://github.com/jamsinclair/open-anki-jlpt-decks,,
expression,N5,vocabulary,,百,ひゃく,hundred,noun,,,,百円あります。,ひゃくえんあります。,I have 100 yen.,JLPT N5 Vocabulary List,https://github.com/jamsinclair/open-anki-jlpt-decks,,
expression,N5,vocabulary,,病院,びょういん,hospital,noun,,,,病院へ行きます。,びょういんへいきます。,I go to the hospital.,JLPT N5 Vocabulary List,https://github.com/jamsinclair/open-anki-jlpt-decks,,
expression,N5,vocabulary,,病気,びょうき,illness; sickness,noun,,,,病気になりました。,びょうきになりました。,I got sick.,JLPT N5 Vocabulary List,https://github.com/jamsinclair/open-anki-jlpt-decks,,
expression,N5,vocabulary,,平仮名,ひらがな,hiragana,noun,,,,平仮名を書きます。,ひらがなをかきます。,I write hiragana.,JLPT N5 Vocabulary List,https://github.com/jamsinclair/open-anki-jlpt-decks,,
expression,N5,vocabulary,,昼,ひる,"noon, daytime",noun,,,,昼に会いましょう。,ひるにあいましょう。,Let's meet at noon.,JLPT N5 Vocabulary List,https://github.com/jamsinclair/open-anki-jlpt-decks,,
expression,N5,vocabulary,,昼御飯,ひるごはん,"lunch, midday meal",noun,,,,昼御飯を食べます。,ひるごはんをたべます。,I eat lunch.,JLPT N5 Vocabulary List,https://github.com/jamsinclair/open-anki-jlpt-decks,,
expression,N5,vocabulary,,広い,ひろい,spacious; wide; broad,i-adjective,,,,広い部屋に住んでいます。,ひろいへやにすんでいます。,I live in a spacious room.,JLPT N5 Vocabulary List,https://github.com/jamsinclair/open-anki-jlpt-decks,,
expression,N5,vocabulary,,フィルム,フィルム,film (roll of),noun,,,,フィルムを買います。,フィルムをかいます。,I buy film.,JLPT N5 Vocabulary List,https://github.com/jamsinclair/open-anki-jlpt-decks,,
expression,N5,vocabulary,,封筒,ふうとう,envelope,noun,,,,封筒に手紙を入れます。,ふうとうにてがみをいれます。,I put the letter in the envelope.,JLPT N5 Vocabulary List,https://github.com/jamsinclair/open-anki-jlpt-decks,,
expression,N5,vocabulary,,プール,プール,swimming pool,noun,,,,プールで泳ぎます。,プールでおよぎます。,I swim in the pool.,JLPT N5 Vocabulary List,https://github.com/jamsinclair/open-anki-jlpt-decks,,
expression,N5,vocabulary,,フォーク,フォーク,fork,noun,,,,フォークで食べます。,フォークでたべます。,I eat with a fork.,JLPT N5 Vocabulary List,https://github.com/jamsinclair/open-anki-jlpt-decks,,
expression,N5,vocabulary,,吹く,ふく,"to blow (wind, etc.)",verb,godan,intransitive,,風が吹いています。,かぜがふいています。,The wind is blowing.,JLPT N5 Vocabulary List,https://github.com/jamsinclair/open-anki-jlpt-decks,,
expression,N5,vocabulary,,服,ふく,clothes,noun,,,,服を買います。,ふくをかいます。,I buy clothes.,JLPT N5 Vocabulary List,https://github.com/jamsinclair/open-anki-jlpt-decks,,
expression,N5,vocabulary,,二つ,ふたつ,two things,noun,,,,りんごを二つください。,りんごをふたつください。,"Two apples, please.",JLPT N5 Vocabulary List,https://github.com/jamsinclair/open-anki-jlpt-decks,,
expression,N5,vocabulary,,豚肉,ぶたにく,pork,noun,,,,豚肉を食べます。,ぶたにくをたべます。,I eat pork.,JLPT N5 Vocabulary List,https://github.com/jamsinclair/open-anki-jlpt-decks,,
expression,N5,vocabulary,,二人,ふたり,two people,noun,,,,二人で行きます。,ふたりでいきます。,"We go together, the two of us.",JLPT N5 Vocabulary List,https://github.com/jamsinclair/open-anki-jlpt-decks,,
expression,N5,vocabulary,,二日,ふつか,two days; second day of the month,noun,,,,二日に会いましょう。,ふつかにあいましょう。,Let's meet on the second.,JLPT N5 Vocabulary List,https://github.com/jamsinclair/open-anki-jlpt-decks,,
expression,N5,vocabulary,,太い,ふとい,"fat, thick",i-adjective,,,,太い木があります。,ふといきがあります。,There is a thick tree.,JLPT N5 Vocabulary List,https://github.com/jamsinclair/open-anki-jlpt-decks,,
expression,N5,vocabulary,,冬,ふゆ,winter,noun,,,,冬は寒いです。,ふゆはさむいです。,Winter is cold.,JLPT N5 Vocabulary List,https://github.com/jamsinclair/open-anki-jlpt-decks,,
expression,N5,vocabulary,,降る,ふる,"to precipitate, to fall (e.g., rain, snow, etc.)",verb,godan,intransitive,,雨が降っています。,あめがふっています。,It is raining.,JLPT N5 Vocabulary List,https://github.com/jamsinclair/open-anki-jlpt-decks,,
expression,N5,vocabulary,,古い,ふるい,"old (in reference to objects, not people), aged, ancient",i-adjective,,,,古い家に住んでいます。,ふるいいえにすんでいます。,I live in an old house.,JLPT N5 Vocabulary List,https://github.com/jamsinclair/open-anki-jlpt-decks,,
expression,N5,vocabulary,,～分,～ふん,~ minutes,counter,,,,五分待ちます。,ごふんまちます。,I will wait for five minutes.,JLPT N5 Vocabulary List,https://github.com/jamsinclair/open-anki-jlpt-decks,,
expression,N5,vocabulary,,文章,ぶんしょう,"sentence, text",noun,,,,文章を書きます。,ぶんしょうをかきます。,I write a text.,JLPT N5 Vocabulary List,https://github.com/jamsinclair/open-anki-jlpt-decks,,
expression,N5,vocabulary,,ページ,ページ,a page,noun,,,,本のページをめくります。,ほんのページをめくります。,I turn the page of the book.,JLPT N5 Vocabulary List,https://github.com/jamsinclair/open-anki-jlpt-decks,,
expression,N5,vocabulary,,下手,へた,"unskillful, poor",na-adjective,,,,料理が下手です。,りょうりがへたです。,I am bad at cooking.,JLPT N5 Vocabulary List,https://github.com/jamsinclair/open-anki-jlpt-decks,,
expression,N5,vocabulary,,ベッド,ベッド,bed,noun,,,,ベッドで寝ます。,ベッドでねます。,I sleep in the bed.,JLPT N5 Vocabulary List,https://github.com/jamsinclair/open-anki-jlpt-decks,,
expression,N5,vocabulary,,ペット,ペット,pet,noun,,,,ペットを飼っています。,ペットをかっています。,I keep a pet.,JLPT N5 Vocabulary List,https://github.com/jamsinclair/open-anki-jlpt-decks,,
expression,N5,vocabulary,,部屋,へや,a room,noun,,,,部屋を掃除します。,へやをそうじします。,I clean the room.,JLPT N5 Vocabulary List,https://github.com/jamsinclair/open-anki-jlpt-decks,,
expression,N5,vocabulary,,辺,へん,"area, vicinity",noun,,,,この辺に住んでいます。,このへんにすんでいます。,I live around this area.,JLPT N5 Vocabulary List,https://github.com/jamsinclair/open-anki-jlpt-decks,,
expression,N5,vocabulary,,ペン,ペン,pen,noun,,,,ペンで書きます。,ペンでかきます。,I write with a pen.,JLPT N5 Vocabulary List,https://github.com/jamsinclair/open-anki-jlpt-decks,,
expression,N5,vocabulary,,勉強,べんきょう (する),study,noun,,,,日本語を勉強します。,にほんごをべんきょうします。,I study Japanese.,JLPT N5 Vocabulary List,https://github.com/jamsinclair/open-anki-jlpt-decks,,
expression,N5,vocabulary,,便利,べんり,"convenient, handy",na-adjective,,,,この道具は便利です。,このどうぐはべんりです。,This tool is convenient.,JLPT N5 Vocabulary List,https://github.com/jamsinclair/open-anki-jlpt-decks,,
expression,N5,vocabulary,,帽子,ぼうし,hat; cap,noun,,,,帽子をかぶります。,ぼうしをかぶります。,I wear a hat.,JLPT N5 Vocabulary List,https://github.com/jamsinclair/open-anki-jlpt-decks,,
expression,N5,vocabulary,,ボールペン,ボールペン,ball-point pen,noun,,,,ボールペンで書きます。,ボールペンでかきます。,I write with a ballpoint pen.,JLPT N5 Vocabulary List,https://github.com/jamsinclair/open-anki-jlpt-decks,,
expression,N5,vocabulary,,外,ほか,"other, the rest",noun,,,,他の人に聞きます。,ほかのひとにききます。,I ask someone else.,JLPT N5 Vocabulary List,https://github.com/jamsinclair/open-anki-jlpt-decks,,
expression,N5,vocabulary,,ポケット,ポケット,pocket,noun,,,,ポケットに入れます。,ポケットにいれます。,I put it in my pocket.,JLPT N5 Vocabulary List,https://github.com/jamsinclair/open-anki-jlpt-decks,,
expression,N5,vocabulary,,欲しい,ほしい,"to want, in need of",i-adjective,,,,新しい靴が欲しいです。,あたらしいくつがほしいです。,I want new shoes.,JLPT N5 Vocabulary List,https://github.com/jamsinclair/open-anki-jlpt-decks,,
expression,N5,vocabulary,,ポスト,ポスト,"mailbox; post, position",noun,,,,ポストに手紙を入れます。,ポストにてがみをいれます。,I put a letter in the mailbox.,JLPT N5 Vocabulary List,https://github.com/jamsinclair/open-anki-jlpt-decks,,
expression,N5,vocabulary,,細い,ほそい,"thin, slender, fine",i-adjective,,,,細い道を歩きます。,ほそいみちをあるきます。,I walk along a narrow path.,JLPT N5 Vocabulary List,https://github.com/jamsinclair/open-anki-jlpt-decks,,
expression,N5,vocabulary,,ボタン,ボタン,button,noun,,,,ボタンを押します。,ボタンをおします。,I push the button.,JLPT N5 Vocabulary List,https://github.com/jamsinclair/open-anki-jlpt-decks,,
expression,N5,vocabulary,,ホテル,ホテル,hotel,noun,,,,ホテルに泊まります。,ホテルにとまります。,I stay at a hotel.,JLPT N5 Vocabulary List,https://github.com/jamsinclair/open-anki-jlpt-decks,,
expression,N5,vocabulary,,本,ほん,book,noun,,,,本を読みます。,ほんをよみます。,I read a book.,JLPT N5 Vocabulary List,https://github.com/jamsinclair/open-anki-jlpt-decks,,
expression,N5,vocabulary,,～本,～ほん,counter for long cylindrical things,counter,,,,鉛筆が三本あります。,えんぴつがさんぼんあります。,There are three pencils.,JLPT N5 Vocabulary List,https://github.com/jamsinclair/open-anki-jlpt-decks,,
expression,N5,vocabulary,,本棚,ほんだな,bookshelf,noun,,,,本棚に本を置きます。,ほんだなにほんをおきます。,I put the book on the bookshelf.,JLPT N5 Vocabulary List,https://github.com/jamsinclair/open-anki-jlpt-decks,,
expression,N5,vocabulary,,本当,ほんとう,"real, true",noun,,,,それは本当です。,それはほんとうです。,That is true.,JLPT N5 Vocabulary List,https://github.com/jamsinclair/open-anki-jlpt-decks,,
expression,N5,vocabulary,,～枚,～まい,counter for flat things,counter,,,,紙を三枚ください。,かみをさんまいください。,"Three sheets of paper, please.",JLPT N5 Vocabulary List,https://github.com/jamsinclair/open-anki-jlpt-decks,,
expression,N5,vocabulary,,毎朝,まいあさ,every morning,noun,,,,毎朝、コーヒーを飲みます。,まいあさ、コーヒーをのみます。,I drink coffee every morning.,JLPT N5 Vocabulary List,https://github.com/jamsinclair/open-anki-jlpt-decks,,
expression,N5,vocabulary,,毎月,まいげつ; まいつき,"every month, monthly",noun,,,,毎月、旅行します。,まいつき、りょこうします。,I travel every month.,JLPT N5 Vocabulary List,https://github.com/jamsinclair/open-anki-jlpt-decks,,
expression,N5,vocabulary,,毎週,まいしゅう,every week,noun,,,,毎週、映画を見ます。,まいしゅう、えいがをみます。,I watch a movie every week.,JLPT N5 Vocabulary List,https://github.com/jamsinclair/open-anki-jlpt-decks,,
expression,N5,vocabulary,,毎日,まいにち,every day,noun,,,,毎日、勉強します。,まいにち、べんきょうします。,I study every day.,JLPT N5 Vocabulary List,https://github.com/jamsinclair/open-anki-jlpt-decks,,
expression,N5,vocabulary,,毎年,まいねん; まいとし,"every year, yearly, annually",noun,,,,毎年、旅行します。,まいとし、りょこうします。,I travel every year.,JLPT N5 Vocabulary List,https://github.com/jamsinclair/open-anki-jlpt-decks,,
expression,N5,vocabulary,,毎晩,まいばん,every night,noun,,,,毎晩、本を読みます。,まいばん、ほんをよみます。,I read a book every night.,JLPT N5 Vocabulary List,https://github.com/jamsinclair/open-anki-jlpt-decks,,
expression,N5,vocabulary,,前,まえ,"before, in front",noun,,,,駅の前で待ちます。,えきのまえでまちます。,I wait in front of the station.,JLPT N5 Vocabulary List,https://github.com/jamsinclair/open-anki-jlpt-decks,,
expression,N5,vocabulary,,～前,～まえ,in front of ~,suffix,,,,駅の前に立ちます。,えきのまえにたちます。,I stand in front of the station.,JLPT N5 Vocabulary List,https://github.com/jamsinclair/open-anki-jlpt-decks,,
expression,N5,vocabulary,,曲る,まがる,"to turn, to bend",verb,godan,intransitive,,右に曲がります。,みぎにまがります。,I turn right.,JLPT N5 Vocabulary List,https://github.com/jamsinclair/open-anki-jlpt-decks,,
expression,N5,vocabulary,,まずい,まずい,"terrible (in reference to food), unappetizing, unpleasant (taste)",i-adjective,,,,この料理はまずいです。,このりょうりはまずいです。,This food tastes bad.,JLPT N5 Vocabulary List,https://github.com/jamsinclair/open-anki-jlpt-decks,,
expression,N5,vocabulary,,また,また,and; furthermore,adverb,,,,また明日会いましょう。,またあしたあいましょう。,Let's meet again tomorrow.,JLPT N5 Vocabulary List,https://github.com/jamsinclair/open-anki-jlpt-decks,,
expression,N5,vocabulary,,まだ,まだ,"yet, still, besides",adverb,,,,まだ終わっていません。,まだおわっていません。,It hasn't finished yet.,JLPT N5 Vocabulary List,https://github.com/jamsinclair/open-anki-jlpt-decks,,
expression,N5,vocabulary,,町,まち,town; city,noun,,,,小さい町に住んでいます。,ちいさいまちにすんでいます。,I live in a small town.,JLPT N5 Vocabulary List,https://github.com/jamsinclair/open-anki-jlpt-decks,,
expression,N5,vocabulary,,待つ,まつ,to wait,verb,godan,transitive,,友達を待ちます。,ともだちをまちます。,I wait for my friend.,JLPT N5 Vocabulary List,https://github.com/jamsinclair/open-anki-jlpt-decks,,
expression,N5,vocabulary,,まっすぐ,まっすぐ,"straight (ahead), direct",adverb,,,,まっすぐ行ってください。,まっすぐいってください。,Please go straight ahead.,JLPT N5 Vocabulary List,https://github.com/jamsinclair/open-anki-jlpt-decks,,
expression,N5,vocabulary,,マッチ,マッチ,match,noun,,,,マッチで火をつけます。,マッチでひをつけます。,I light a fire with a match.,JLPT N5 Vocabulary List,https://github.com/jamsinclair/open-anki-jlpt-decks,,
expression,N5,vocabulary,,窓,まど,window,noun,,,,窓を開けます。,まどをあけます。,I open the window.,JLPT N5 Vocabulary List,https://github.com/jamsinclair/open-anki-jlpt-decks,,
expression,N5,vocabulary,,丸い,まるい,"round, circular",i-adjective,,,,丸いテーブルがあります。,まるいテーブルがあります。,There is a round table.,JLPT N5 Vocabulary List,https://github.com/jamsinclair/open-anki-jlpt-decks,,Alt. spelling: 円い
expression,N5,vocabulary,,円い,まるい,"round, circular",i-adjective,,,,丸いテーブルがあります。,まるいテーブルがあります。,There is a round table.,JLPT N5 Vocabulary List,https://github.com/jamsinclair/open-anki-jlpt-decks,,Alt. spelling: 丸い
expression,N5,vocabulary,,万,まん,ten thousand,noun,,,,一万円あります。,いちまんえんあります。,I have ten thousand yen.,JLPT N5 Vocabulary List,https://github.com/jamsinclair/open-anki-jlpt-decks,,
expression,N5,vocabulary,,万年筆,まんねんひつ,fountain pen,noun,,,,万年筆で書きます。,まんねんひつでかきます。,I write with a fountain pen.,JLPT N5 Vocabulary List,https://github.com/jamsinclair/open-anki-jlpt-decks,,
expression,N5,vocabulary,,磨く,みがく,to brush (teeth); to polish,verb,godan,transitive,,歯を磨きます。,はをみがきます。,I brush my teeth.,JLPT N5 Vocabulary List,https://github.com/jamsinclair/open-anki-jlpt-decks,,
expression,N5,vocabulary,,右,みぎ,right hand side,noun,,,,右に曲がります。,みぎにまがります。,I turn right.,JLPT N5 Vocabulary List,https://github.com/jamsinclair/open-anki-jlpt-decks,,
expression,N5,vocabulary,,短い,みじかい,short (length),i-adjective,,,,髪が短いです。,かみがみじかいです。,My hair is short.,JLPT N5 Vocabulary List,https://github.com/jamsinclair/open-anki-jlpt-decks,,
expression,N5,vocabulary,,水,みず,water,noun,,,,水を飲みます。,みずをのみます。,I drink water.,JLPT N5 Vocabulary List,https://github.com/jamsinclair/open-anki-jlpt-decks,,
expression,N5,vocabulary,,店,みせ,"store, shop",noun,,,,店で買い物をします。,みせでかいものをします。,I shop at the store.,JLPT N5 Vocabulary List,https://github.com/jamsinclair/open-anki-jlpt-decks,,
expression,N5,vocabulary,,見せる,みせる,"to show, to display",verb,ichidan,transitive,,写真を見せます。,しゃしんをみせます。,I show a photo.,JLPT N5 Vocabulary List,https://github.com/jamsinclair/open-anki-jlpt-decks,,
expression,N5,vocabulary,,道,みち,"road, street; way, directions",noun,,,,この道をまっすぐ行きます。,このみちをまっすぐいきます。,I go straight along this road.,JLPT N5 Vocabulary List,https://github.com/jamsinclair/open-anki-jlpt-decks,,
expression,N5,vocabulary,,三日,みっか,"three days, third day of the month",noun,,,,三日に会いましょう。,みっかにあいましょう。,Let's meet on the third.,JLPT N5 Vocabulary List,https://github.com/jamsinclair/open-anki-jlpt-decks,,
expression,N5,vocabulary,,三つ,みっつ,three things,noun,,,,りんごを三つください。,りんごをみっつください。,"Three apples, please.",JLPT N5 Vocabulary List,https://github.com/jamsinclair/open-anki-jlpt-decks,,
expression,N5,vocabulary,,緑,みどり,green,noun,,,,緑が好きです。,みどりがすきです。,I like green.,JLPT N5 Vocabulary List,https://github.com/jamsinclair/open-anki-jlpt-decks,,
expression,N5,vocabulary,,皆さん,みなさん,"all of you, everyone",noun,,,,皆さん、こんにちは。,みなさん、こんにちは。,"Hello, everyone.",JLPT N5 Vocabulary List,https://github.com/jamsinclair/open-anki-jlpt-decks,,
expression,N5,vocabulary,,南,みなみ,South,noun,,,,南へ行きます。,みなみへいきます。,I go to the south.,JLPT N5 Vocabulary List,https://github.com/jamsinclair/open-anki-jlpt-decks,,
expression,N5,vocabulary,,耳,みみ,ear,noun,,,,耳が痛いです。,みみがいたいです。,My ear hurts.,JLPT N5 Vocabulary List,https://github.com/jamsinclair/open-anki-jlpt-decks,,
expression,N5,vocabulary,,見る,みる,"to see, to look",verb,ichidan,transitive,,映画を見ます。,えいがをみます。,I watch a movie.,JLPT N5 Vocabulary List,https://github.com/jamsinclair/open-anki-jlpt-decks,,
expression,N5,vocabulary,,みんな,みんな,"all, everyone, everybody",noun,,,,みんなで行きましょう。,みんなでいきましょう。,Let's all go together.,JLPT N5 Vocabulary List,https://github.com/jamsinclair/open-anki-jlpt-decks,,
expression,N5,vocabulary,,六日,むいか,six days; sixth day of month,noun,,,,六日に会いましょう。,むいかにあいましょう。,Let's meet on the sixth.,JLPT N5 Vocabulary List,https://github.com/jamsinclair/open-anki-jlpt-decks,,
expression,N5,vocabulary,,向こう,むこう,"beyond, over there",noun,,,,向こうに見えます。,むこうにみえます。,I can see it over there.,JLPT N5 Vocabulary List,https://github.com/jamsinclair/open-anki-jlpt-decks,,
expression,N5,vocabulary,,難しい,むずかしい,difficult,i-adjective,,,,この問題は難しいです。,このもんだいはむずかしいです。,This problem is difficult.,JLPT N5 Vocabulary List,https://github.com/jamsinclair/open-anki-jlpt-decks,,
expression,N5,vocabulary,,六つ,むっつ,six things,noun,,,,りんごを六つ買いました。,りんごをむっつかいました。,I bought six apples.,JLPT N5 Vocabulary List,https://github.com/jamsinclair/open-anki-jlpt-decks,,
expression,N5,vocabulary,,村,むら,village,noun,,,,小さな村に住んでいます。,ちいさなむらにすんでいます。,I live in a small village.,JLPT N5 Vocabulary List,https://github.com/jamsinclair/open-anki-jlpt-decks,,
expression,N5,vocabulary,,目,め,eye(s),noun,,,,目が痛いです。,めがいたいです。,My eyes hurt.,JLPT N5 Vocabulary List,https://github.com/jamsinclair/open-anki-jlpt-decks,,
expression,N5,vocabulary,,メートル,メートル,meter,counter,,,,駅まで三メートルです。,えきまでさんメートルです。,It is three meters to the station.,JLPT N5 Vocabulary List,https://github.com/jamsinclair/open-anki-jlpt-decks,,
expression,N5,vocabulary,,眼鏡,めがね,eye glasses,noun,,,,眼鏡をかけます。,めがねをかけます。,I put on glasses.,JLPT N5 Vocabulary List,https://github.com/jamsinclair/open-anki-jlpt-decks,,
expression,N5,vocabulary,,もう,もう,already; again; more,adverb,,,,もう終わりました。,もうおわりました。,It has already finished.,JLPT N5 Vocabulary List,https://github.com/jamsinclair/open-anki-jlpt-decks,,
expression,N5,vocabulary,,木曜日,もくようび,Thursday,noun,,,,木曜日に会いましょう。,もくようびにあいましょう。,Let's meet on Thursday.,JLPT N5 Vocabulary List,https://github.com/jamsinclair/open-anki-jlpt-decks,,
expression,N5,vocabulary,,もしもし,もしもし,Hello? (used on the phone),interjection,,,,もしもし、田中です。,もしもし、たなかです。,"Hello, this is Tanaka.",JLPT N5 Vocabulary List,https://github.com/jamsinclair/open-anki-jlpt-decks,,
expression,N5,vocabulary,,持つ,もつ,"to hold, to carry; to possess",verb,godan,transitive,,かばんを持ちます。,かばんをもちます。,I hold the bag.,JLPT N5 Vocabulary List,https://github.com/jamsinclair/open-anki-jlpt-decks,,
expression,N5,vocabulary,,もっと,もっと,more,adverb,,,,もっと食べたいです。,もっとたべたいです。,I want to eat more.,JLPT N5 Vocabulary List,https://github.com/jamsinclair/open-anki-jlpt-decks,,
expression,N5,vocabulary,,物,もの,thing (concrete object),noun,,,,これは私の物です。,これはわたしのものです。,This is my thing.,JLPT N5 Vocabulary List,https://github.com/jamsinclair/open-anki-jlpt-decks,,
expression,N5,vocabulary,,門,もん,gate,noun,,,,門を開けます。,もんをあけます。,I open the gate.,JLPT N5 Vocabulary List,https://github.com/jamsinclair/open-anki-jlpt-decks,,
expression,N5,vocabulary,,問題,もんだい,a problem,noun,,,,問題を解きます。,もんだいをときます。,I solve the problem.,JLPT N5 Vocabulary List,https://github.com/jamsinclair/open-anki-jlpt-decks,,
expression,N5,vocabulary,,～屋,～や,~ shop,suffix,,,,パン屋へ行きます。,パンやへいきます。,I go to the bakery.,JLPT N5 Vocabulary List,https://github.com/jamsinclair/open-anki-jlpt-decks,,
expression,N5,vocabulary,,八百屋,やおや,greengrocer,noun,,,,八百屋で野菜を買います。,やおやでやさいをかいます。,I buy vegetables at the greengrocer's.,JLPT N5 Vocabulary List,https://github.com/jamsinclair/open-anki-jlpt-decks,,
expression,N5,vocabulary,,野菜,やさい,vegetable,noun,,,,野菜を食べます。,やさいをたべます。,I eat vegetables.,JLPT N5 Vocabulary List,https://github.com/jamsinclair/open-anki-jlpt-decks,,
expression,N5,vocabulary,,易しい,やさしい,"easy, plain, simple",i-adjective,,,,この問題は易しいです。,このもんだいはやさしいです。,This problem is easy.,JLPT N5 Vocabulary List,https://github.com/jamsinclair/open-anki-jlpt-decks,,
expression,N5,vocabulary,,安い,やすい,inexpensive; cheap (things),i-adjective,,,,この本は安いです。,このほんはやすいです。,This book is cheap.,JLPT N5 Vocabulary List,https://github.com/jamsinclair/open-anki-jlpt-decks,,
expression,N5,vocabulary,,休み,やすみ,holiday; day off; absence,noun,,,,明日は休みです。,あしたはやすみです。,Tomorrow is a day off.,JLPT N5 Vocabulary List,https://github.com/jamsinclair/open-anki-jlpt-decks,,
expression,N5,vocabulary,,休む,やすむ,"to rest, to have a break, to get time off",verb,godan,intransitive,,家で休みます。,いえでやすみます。,I rest at home.,JLPT N5 Vocabulary List,https://github.com/jamsinclair/open-anki-jlpt-decks,,
expression,N5,vocabulary,,八つ,やっつ,eight things,noun,,,,りんごを八つ買いました。,りんごをやっつかいました。,I bought eight apples.,JLPT N5 Vocabulary List,https://github.com/jamsinclair/open-anki-jlpt-decks,,
expression,N5,vocabulary,,山,やま,mountain,noun,,,,山に登ります。,やまにのぼります。,I climb the mountain.,JLPT N5 Vocabulary List,https://github.com/jamsinclair/open-anki-jlpt-decks,,
expression,N5,vocabulary,,やる,やる,"to do; to give (to pets, parents, siblings, etc.)",verb,godan,transitive,,宿題をやります。,しゅくだいをやります。,I do my homework.,JLPT N5 Vocabulary List,https://github.com/jamsinclair/open-anki-jlpt-decks,,
expression,N5,vocabulary,,夕方,ゆうがた,"late afternoon (typically just before dinner time), evening",noun,,,,夕方、散歩します。,ゆうがた、さんぽします。,I take a walk in the evening.,JLPT N5 Vocabulary List,https://github.com/jamsinclair/open-anki-jlpt-decks,,
expression,N5,vocabulary,,夕飯,ゆうはん,"dinner, supper, evening meal",noun,,,,夕飯を食べます。,ゆうはんをたべます。,I eat dinner.,JLPT N5 Vocabulary List,https://github.com/jamsinclair/open-anki-jlpt-decks,,
expression,N5,vocabulary,,郵便局,ゆうびんきょく,post office,noun,,,,郵便局へ行きます。,ゆうびんきょくへいきます。,I go to the post office.,JLPT N5 Vocabulary List,https://github.com/jamsinclair/open-anki-jlpt-decks,,
expression,N5,vocabulary,,昨夜,ゆうべ,last night,noun,,,,昨夜、雨が降りました。,ゆうべ、あめがふりました。,It rained last night.,JLPT N5 Vocabulary List,https://github.com/jamsinclair/open-anki-jlpt-decks,,
expression,N5,vocabulary,,有名,ゆうめい,famous,na-adjective,,,,この歌手は有名です。,このかしゅはゆうめいです。,This singer is famous.,JLPT N5 Vocabulary List,https://github.com/jamsinclair/open-anki-jlpt-decks,,
expression,N5,vocabulary,,雪,ゆき,snow,noun,,,,雪が降っています。,ゆきがふっています。,It is snowing.,JLPT N5 Vocabulary List,https://github.com/jamsinclair/open-anki-jlpt-decks,,
expression,N5,vocabulary,,ゆっくりと,ゆっくりと,"slowly, at ease",adverb,,,,ゆっくりと歩きます。,ゆっくりとあるきます。,I walk slowly.,JLPT N5 Vocabulary List,https://github.com/jamsinclair/open-anki-jlpt-decks,,
expression,N5,vocabulary,,八日,ようか,eight days; eighth day of the month,noun,,,,八日に会いましょう。,ようかにあいましょう。,Let's meet on the eighth.,JLPT N5 Vocabulary List,https://github.com/jamsinclair/open-anki-jlpt-decks,,
expression,N5,vocabulary,,洋服,ようふく,Western-style clothes,noun,,,,洋服を買います。,ようふくをかいます。,I buy Western clothes.,JLPT N5 Vocabulary List,https://github.com/jamsinclair/open-anki-jlpt-decks,,
expression,N5,vocabulary,,よく,よく,"frequently, often (much); well, skillfully",adverb,,,,よく映画を見ます。,よくえいがをみます。,I often watch movies.,JLPT N5 Vocabulary List,https://github.com/jamsinclair/open-anki-jlpt-decks,,
expression,N5,vocabulary,,横,よこ,beside; side; width,noun,,,,駅の横に店があります。,えきのよこにみせがあります。,There is a shop beside the station.,JLPT N5 Vocabulary List,https://github.com/jamsinclair/open-anki-jlpt-decks,,
expression,N5,vocabulary,,四日,よっか,four days; fourth day of the month,noun,,,,四日に会いましょう。,よっかにあいましょう。,Let's meet on the fourth.,JLPT N5 Vocabulary List,https://github.com/jamsinclair/open-anki-jlpt-decks,,
expression,N5,vocabulary,,四つ,よっつ,four things,noun,,,,りんごを四つ買いました。,りんごをよっつかいました。,I bought four apples.,JLPT N5 Vocabulary List,https://github.com/jamsinclair/open-anki-jlpt-decks,,
expression,N5,vocabulary,,呼ぶ,よぶ,to call (one's name); to invite,verb,godan,transitive,,名前を呼びます。,なまえをよびます。,I call your name.,JLPT N5 Vocabulary List,https://github.com/jamsinclair/open-anki-jlpt-decks,,
expression,N5,vocabulary,,読む,よむ,to read,verb,godan,transitive,,本を読みます。,ほんをよみます。,I read a book.,JLPT N5 Vocabulary List,https://github.com/jamsinclair/open-anki-jlpt-decks,,
expression,N5,vocabulary,,夜,よる,"evening, night",noun,,,,夜、勉強します。,よる、べんきょうします。,I study at night.,JLPT N5 Vocabulary List,https://github.com/jamsinclair/open-anki-jlpt-decks,,
expression,N5,vocabulary,,弱い,よわい,weak,i-adjective,,,,体が弱いです。,からだがよわいです。,My body is weak.,JLPT N5 Vocabulary List,https://github.com/jamsinclair/open-anki-jlpt-decks,,
expression,N5,vocabulary,,来月,らいげつ,next month,noun,,,,来月、旅行します。,らいげつ、りょこうします。,I will travel next month.,JLPT N5 Vocabulary List,https://github.com/jamsinclair/open-anki-jlpt-decks,,
expression,N5,vocabulary,,来週,らいしゅう,next week,noun,,,,来週、会いましょう。,らいしゅう、あいましょう。,Let's meet next week.,JLPT N5 Vocabulary List,https://github.com/jamsinclair/open-anki-jlpt-decks,,
expression,N5,vocabulary,,来年,らいねん,next year,noun,,,,来年、日本へ行きます。,らいねん、にほんへいきます。,I will go to Japan next year.,JLPT N5 Vocabulary List,https://github.com/jamsinclair/open-anki-jlpt-decks,,
expression,N5,vocabulary,,ラジオ,ラジオ,radio,noun,,,,ラジオを聞きます。,ラジオをききます。,I listen to the radio.,JLPT N5 Vocabulary List,https://github.com/jamsinclair/open-anki-jlpt-decks,,
expression,N5,vocabulary,,ラジオカセ,ラジオカセ,radio cassette player,noun,,,,ラジオカセで音楽を聞きます。,ラジオカセでおんがくをききます。,I listen to music on a radio cassette player.,JLPT N5 Vocabulary List,https://github.com/jamsinclair/open-anki-jlpt-decks,,
expression,N5,vocabulary,,りっぱ,りっぱ,"splendid, fine",na-adjective,,,,りっぱな家に住んでいます。,りっぱないえにすんでいます。,I live in a splendid house.,JLPT N5 Vocabulary List,https://github.com/jamsinclair/open-anki-jlpt-decks,,
expression,N5,vocabulary,,留学生,りゅうがくせい,international student,noun,,,,留学生と話します。,りゅうがくせいとはなします。,I talk with an international student.,JLPT N5 Vocabulary List,https://github.com/jamsinclair/open-anki-jlpt-decks,,
expression,N5,vocabulary,,両親,りょうしん,"parents (lit., both parents)",noun,,,,両親と住んでいます。,りょうしんとすんでいます。,I live with my parents.,JLPT N5 Vocabulary List,https://github.com/jamsinclair/open-anki-jlpt-decks,,
expression,N5,vocabulary,,料理,りょうり,cooking; cuisine,noun,,,,料理を作ります。,りょうりをつくります。,I make a meal.,JLPT N5 Vocabulary List,https://github.com/jamsinclair/open-anki-jlpt-decks,,
expression,N5,vocabulary,,旅行,りょこう,"travel, trip",noun,,,,旅行に行きます。,りょこうにいきます。,I go on a trip.,JLPT N5 Vocabulary List,https://github.com/jamsinclair/open-anki-jlpt-decks,,
expression,N5,vocabulary,,零,れい,"zero, nought",noun,,,,点数は零でした。,てんすうはれいでした。,The score was zero.,JLPT N5 Vocabulary List,https://github.com/jamsinclair/open-anki-jlpt-decks,,
expression,N5,vocabulary,,冷蔵庫,れいぞうこ,refrigerator,noun,,,,冷蔵庫に入れます。,れいぞうこにいれます。,I put it in the refrigerator.,JLPT N5 Vocabulary List,https://github.com/jamsinclair/open-anki-jlpt-decks,,
expression,N5,vocabulary,,レコード,レコード,record,noun,,,,レコードを聞きます。,レコードをききます。,I listen to a record.,JLPT N5 Vocabulary List,https://github.com/jamsinclair/open-anki-jlpt-decks,,
expression,N5,vocabulary,,レストラン,レストラン,restaurant,noun,,,,レストランで食べます。,レストランでたべます。,I eat at a restaurant.,JLPT N5 Vocabulary List,https://github.com/jamsinclair/open-anki-jlpt-decks,,
expression,N5,vocabulary,,練習,れんしゅう (する),(to) practice,noun,,,,日本語を練習します。,にほんごをれんしゅうします。,I practice Japanese.,JLPT N5 Vocabulary List,https://github.com/jamsinclair/open-anki-jlpt-decks,,
expression,N5,vocabulary,,廊下,ろうか,corridor,noun,,,,廊下を歩きます。,ろうかをあるきます。,I walk in the corridor.,JLPT N5 Vocabulary List,https://github.com/jamsinclair/open-anki-jlpt-decks,,
expression,N5,vocabulary,,六,ろく,six,noun,,,,六時に起きます。,ろくじにおきます。,I get up at six o'clock.,JLPT N5 Vocabulary List,https://github.com/jamsinclair/open-anki-jlpt-decks,,
expression,N5,vocabulary,,ワイシャツ,ワイシャツ,"shirt (lit: white shirt), business shirt",noun,,,,ワイシャツを着ます。,ワイシャツをきます。,I wear a business shirt.,JLPT N5 Vocabulary List,https://github.com/jamsinclair/open-anki-jlpt-decks,,
expression,N5,vocabulary,,若い,わかい,young,i-adjective,,,,若い人が多いです。,わかいひとがおおいです。,There are many young people.,JLPT N5 Vocabulary List,https://github.com/jamsinclair/open-anki-jlpt-decks,,
expression,N5,vocabulary,,分かる,わかる,to understand,verb,godan,intransitive,,日本語が分かります。,にほんごがわかります。,I understand Japanese.,JLPT N5 Vocabulary List,https://github.com/jamsinclair/open-anki-jlpt-decks,,
expression,N5,vocabulary,,忘れる,わすれる,to forget,verb,ichidan,transitive,,傘を忘れました。,かさをわすれました。,I forgot my umbrella.,JLPT N5 Vocabulary List,https://github.com/jamsinclair/open-anki-jlpt-decks,,
expression,N5,vocabulary,,私,わたし,"I, myself",pronoun,,,,私は学生です。,わたしはがくせいです。,I am a student.,JLPT N5 Vocabulary List,https://github.com/jamsinclair/open-anki-jlpt-decks,,
expression,N5,vocabulary,,私,わたくし,"I (formal), myself, private affairs",pronoun,,,,私は田中と申します。,わたくしはたなかともうします。,I am Tanaka.,JLPT N5 Vocabulary List,https://github.com/jamsinclair/open-anki-jlpt-decks,,
expression,N5,vocabulary,,渡す,わたす,to hand (something) over (v.t.); to get across,verb,godan,transitive,渡る,本を渡します。,ほんをわたします。,I hand over the book.,JLPT N5 Vocabulary List,https://github.com/jamsinclair/open-anki-jlpt-decks,,
expression,N5,vocabulary,,渡る,わたる,"to cross over, to go across",verb,godan,intransitive,,橋を渡ります。,はしをわたります。,I cross the bridge.,JLPT N5 Vocabulary List,https://github.com/jamsinclair/open-anki-jlpt-decks,,
expression,N5,vocabulary,,悪い,わるい,"bad, sinful; inferior",i-adjective,,,,天気が悪いです。,てんきがわるいです。,The weather is bad.,JLPT N5 Vocabulary List,https://github.com/jamsinclair/open-anki-jlpt-decks,,
