type,level,skill,topics,japanese,reading,meaning,part_of_speech,verb_type,transitivity,paired_with,example,example_reading,example_meaning,source,source_ref,tags,notes
expression,N4,vocabulary,,踏む,ふむ,"to step on, to tread on",verb,godan,transitive,,足を踏みました。,あしをふみました。,I stepped on someone's foot.,JLPT N4 Vocabulary List,https://github.com/jamsinclair/open-anki-jlpt-decks,,
expression,N4,vocabulary,,～区,～く,"~ district, ~ ward, ~ borough",suffix,,,,渋谷区に住んでいます。,しぶやくにすんでいます。,I live in Shibuya ward.,JLPT N4 Vocabulary List,https://github.com/jamsinclair/open-anki-jlpt-decks,,
expression,N4,vocabulary,,すっと,すっと,"straight, quickly",adverb,,,,すっと部屋に入りました。,すっとへやにはいりました。,I went into the room quickly.,JLPT N4 Vocabulary List,https://github.com/jamsinclair/open-anki-jlpt-decks,,
expression,N4,vocabulary,,盗む,ぬすむ,to steal; to rob,verb,godan,transitive,,財布を盗まれました。,さいふをぬすまれました。,My wallet was stolen.,JLPT N4 Vocabulary List,https://github.com/jamsinclair/open-anki-jlpt-decks,,
expression,N4,vocabulary,,大抵,たいてい,"generally, usually",adverb,,,,大抵、朝ご飯を食べます。,たいてい、あさごはんをたべます。,I usually eat breakfast.,JLPT N4 Vocabulary List,https://github.com/jamsinclair/open-anki-jlpt-decks,,
expression,N4,vocabulary,,とうとう,とうとう,"finally, at last",adverb,,,,とうとう完成しました。,とうとうかんせいしました。,It was finally completed.,JLPT N4 Vocabulary List,https://github.com/jamsinclair/open-anki-jlpt-decks,,
expression,N4,vocabulary,,ガソリン,ガソリン,"gasoline, petrol",noun,,,,ガソリンを入れます。,ガソリンをいれます。,I put in gasoline.,JLPT N4 Vocabulary List,https://github.com/jamsinclair/open-anki-jlpt-decks,,
expression,N4,vocabulary,,鳴る,なる,"to sound, to ring (v.i.)",verb,godan,intransitive,,電話が鳴りました。,でんわがなりました。,The phone rang.,JLPT N4 Vocabulary List,https://github.com/jamsinclair/open-anki-jlpt-decks,,
expression,N4,vocabulary,,しっかり,しっかり,"firmly, steady",adverb,,,,しっかり勉強してください。,しっかりべんきょうしてください。,Please study hard.,JLPT N4 Vocabulary List,https://github.com/jamsinclair/open-anki-jlpt-decks,,
expression,N4,vocabulary,,生きる,いきる,to live,verb,ichidan,intransitive,,長く生きたいです。,ながくいきたいです。,I want to live long.,JLPT N4 Vocabulary List,https://github.com/jamsinclair/open-anki-jlpt-decks,,
expression,N4,vocabulary,,苦い,にがい,bitter,i-adjective,,,,このコーヒーは苦いです。,このコーヒーはにがいです。,This coffee is bitter.,JLPT N4 Vocabulary List,https://github.com/jamsinclair/open-anki-jlpt-decks,,
expression,N4,vocabulary,,沸く,わく,"to boil, to grow hot",verb,godan,intransitive,,お湯が沸きました。,おゆがわきました。,The water boiled.,JLPT N4 Vocabulary List,https://github.com/jamsinclair/open-anki-jlpt-decks,,
expression,N4,vocabulary,,意見,いけん,"opinion, view, idea",noun,,,,意見を言います。,いけんをいいます。,I state my opinion.,JLPT N4 Vocabulary List,https://github.com/jamsinclair/open-anki-jlpt-decks,,
expression,N4,vocabulary,,やはり,やはり,"as I thought, absolutely",adverb,,,,やっぱり雨が降りました。,やっぱりあめがふりました。,"As I thought, it rained.",JLPT N4 Vocabulary List,https://github.com/jamsinclair/open-anki-jlpt-decks,,Alt. spelling: やっぱり
expression,N4,vocabulary,,やっぱり,やっぱり,"as I thought, absolutely",adverb,,,,やっぱり雨が降りました。,やっぱりあめがふりました。,"As I thought, it rained.",JLPT N4 Vocabulary List,https://github.com/jamsinclair/open-anki-jlpt-decks,,Alt. spelling: やはり
expression,N4,vocabulary,,漫画,まんが,"comic (book), cartoon",noun,,,,漫画を読みます。,まんがをよみます。,I read a comic book.,JLPT N4 Vocabulary List,https://github.com/jamsinclair/open-anki-jlpt-decks,,
expression,N4,vocabulary,,ステレオ,ステレオ,stereo,noun,,,,ステレオで音楽を聞きます。,ステレオでおんがくをききます。,I listen to music on the stereo.,JLPT N4 Vocabulary List,https://github.com/jamsinclair/open-anki-jlpt-decks,,
expression,N4,vocabulary,,医学,いがく,medical science,noun,,,,医学を勉強します。,いがくをべんきょうします。,I study medicine.,JLPT N4 Vocabulary List,https://github.com/jamsinclair/open-anki-jlpt-decks,,
expression,N4,vocabulary,,テキスト,テキスト,text; text book,noun,,,,テキストを開いてください。,テキストをひらいてください。,Please open your textbook.,JLPT N4 Vocabulary List,https://github.com/jamsinclair/open-anki-jlpt-decks,,
expression,N4,vocabulary,,～月,～つき,month,counter,,,,一月かかりました。,ひとつきかかりました。,It took one month.,JLPT N4 Vocabulary List,https://github.com/jamsinclair/open-anki-jlpt-decks,,
expression,N4,vocabulary,,折る,おる,"to snap, to break; to bend",verb,godan,transitive,折れる,木の枝を折りました。,きのえだをおりました。,I broke a tree branch.,JLPT N4 Vocabulary List,https://github.com/jamsinclair/open-anki-jlpt-decks,,
expression,N4,vocabulary,,～会,～かい,~ meeting,suffix,,,,発表会があります。,はっぴょうかいがあります。,There is a presentation event.,JLPT N4 Vocabulary List,https://github.com/jamsinclair/open-anki-jlpt-decks,,
expression,N4,vocabulary,,うかがう,うかがう,to ask,verb,godan,transitive,,お宅に伺います。,おたくにうかがいます。,I will visit your home.,JLPT N4 Vocabulary List,https://github.com/jamsinclair/open-anki-jlpt-decks,,
expression,N4,vocabulary,,聞こえる,きこえる,"to be heard, to be audible",verb,ichidan,intransitive,,音楽が聞こえます。,おんがくがきこえます。,I can hear music.,JLPT N4 Vocabulary List,https://github.com/jamsinclair/open-anki-jlpt-decks,,
expression,N4,vocabulary,,僕,ぼく,I (used by men towards those of equal or lower status),pronoun,,,,僕は学生です。,ぼくはがくせいです。,I am a student.,JLPT N4 Vocabulary List,https://github.com/jamsinclair/open-anki-jlpt-decks,,
expression,N4,vocabulary,,必ず,かならず,"surely, certainly",adverb,,,,必ず来てください。,かならずきてください。,Please be sure to come.,JLPT N4 Vocabulary List,https://github.com/jamsinclair/open-anki-jlpt-decks,,
expression,N4,vocabulary,,壊す,こわす,"to break, to break down",verb,godan,transitive,壊れる,おもちゃを壊しました。,おもちゃをこわしました。,I broke the toy.,JLPT N4 Vocabulary List,https://github.com/jamsinclair/open-anki-jlpt-decks,,
expression,N4,vocabulary,,怒る,おこる,to get angry; to scold angrily,verb,godan,intransitive,,先生が怒りました。,せんせいがおこりました。,The teacher got angry.,JLPT N4 Vocabulary List,https://github.com/jamsinclair/open-anki-jlpt-decks,,
expression,N4,vocabulary,,床屋,とこや,barber's (shop),noun,,,,床屋へ行きます。,とこやへいきます。,I go to the barber.,JLPT N4 Vocabulary List,https://github.com/jamsinclair/open-anki-jlpt-decks,,
expression,N4,vocabulary,,オートバイ,オートバイ,motorcycle (lit: auto-bi(ke)),noun,,,,オートバイに乗ります。,オートバイにのります。,I ride a motorcycle.,JLPT N4 Vocabulary List,https://github.com/jamsinclair/open-anki-jlpt-decks,,
expression,N4,vocabulary,,運動,うんどうする,exercise,noun,,,,毎日運動します。,まいにちうんどうします。,I exercise every day.,JLPT N4 Vocabulary List,https://github.com/jamsinclair/open-anki-jlpt-decks,,
expression,N4,vocabulary,,止む,やむ,"to cease, to stop",verb,godan,intransitive,,雨が止みました。,あめがやみました。,The rain stopped.,JLPT N4 Vocabulary List,https://github.com/jamsinclair/open-anki-jlpt-decks,,
expression,N4,vocabulary,,もし,もし,if,adverb,,,,もし雨が降ったら、行きません。,もしあめがふったら、いきません。,"If it rains, I won't go.",JLPT N4 Vocabulary List,https://github.com/jamsinclair/open-anki-jlpt-decks,,
expression,N4,vocabulary,,表,おもて,surface; front; outside,noun,,,,紙の表に書きます。,かみのおもてにかきます。,I write on the front of the paper.,JLPT N4 Vocabulary List,https://github.com/jamsinclair/open-anki-jlpt-decks,,
expression,N4,vocabulary,,大学生,だいがくせい,"college student, university student",noun,,,,彼は大学生です。,かれはだいがくせいです。,He is a university student.,JLPT N4 Vocabulary List,https://github.com/jamsinclair/open-anki-jlpt-decks,,
expression,N4,vocabulary,,運転手,うんてんしゅ,driver (by occupation),noun,,,,運転手に道を聞きます。,うんてんしゅにみちをききます。,I ask the driver for directions.,JLPT N4 Vocabulary List,https://github.com/jamsinclair/open-anki-jlpt-decks,,
expression,N4,vocabulary,,予習,よしゅう,preparation of lessons (for class),noun,,,,明日の授業の予習をします。,あしたのじゅぎょうのよしゅうをします。,I prepare for tomorrow's class.,JLPT N4 Vocabulary List,https://github.com/jamsinclair/open-anki-jlpt-decks,,
expression,N4,vocabulary,,心配,しんぱいする,"worry, concern",noun,,,,心配しないでください。,しんぱいしないでください。,Please don't worry.,JLPT N4 Vocabulary List,https://github.com/jamsinclair/open-anki-jlpt-decks,,
expression,N4,vocabulary,,別,べつ,"distinction, different",na-adjective,,,,それは別の問題です。,それはべつのもんだいです。,That is a different matter.,JLPT N4 Vocabulary List,https://github.com/jamsinclair/open-anki-jlpt-decks,,
expression,N4,vocabulary,,非常に,ひじょうに,extremely; very,adverb,,,,非常に疲れました。,ひじょうにつかれました。,I got extremely tired.,JLPT N4 Vocabulary List,https://github.com/jamsinclair/open-anki-jlpt-decks,,
expression,N4,vocabulary,,お宅,おたく,(someone else's) house; home -- polite word for 家 (いえ) --,noun,,,,お宅はどちらですか。,おたくはどちらですか。,Where is your house?,JLPT N4 Vocabulary List,https://github.com/jamsinclair/open-anki-jlpt-decks,,
expression,N4,vocabulary,,柔らかい,やわらかい,"soft (in reference to texture), tender",i-adjective,,,,このパンは柔らかいです。,このパンはやわらかいです。,This bread is soft.,JLPT N4 Vocabulary List,https://github.com/jamsinclair/open-anki-jlpt-decks,,
expression,N4,vocabulary,,拾う,ひろう,"to pick up (something), to find",verb,godan,transitive,,ごみを拾いました。,ごみをひろいました。,I picked up trash.,JLPT N4 Vocabulary List,https://github.com/jamsinclair/open-anki-jlpt-decks,,
expression,N4,vocabulary,,～ございます,～ございます,"to be (polite), to exist",phrase,,,,ありがとうございます。,ありがとうございます。,Thank you very much.,JLPT N4 Vocabulary List,https://github.com/jamsinclair/open-anki-jlpt-decks,,
expression,N4,vocabulary,,気,き,"spirit, mood",noun,,,,気をつけてください。,きをつけてください。,Please be careful.,JLPT N4 Vocabulary List,https://github.com/jamsinclair/open-anki-jlpt-decks,,
expression,N4,vocabulary,,比べる,くらべる,to compare,verb,ichidan,transitive,,二つを比べます。,ふたつをくらべます。,I compare the two.,JLPT N4 Vocabulary List,https://github.com/jamsinclair/open-anki-jlpt-decks,,
expression,N4,vocabulary,,ほとんど,ほとんど,"mostly, almost",adverb,,,,宿題はほとんど終わりました。,しゅくだいはほとんどおわりました。,The homework is almost finished.,JLPT N4 Vocabulary List,https://github.com/jamsinclair/open-anki-jlpt-decks,,
expression,N4,vocabulary,,つもり,つもり,"intention, plan",noun,,,,明日行くつもりです。,あしたいくつもりです。,I intend to go tomorrow.,JLPT N4 Vocabulary List,https://github.com/jamsinclair/open-anki-jlpt-decks,,
expression,N4,vocabulary,,郊外,こうがい,"suburb, outskirts",noun,,,,郊外に住んでいます。,こうがいにすんでいます。,I live in the suburbs.,JLPT N4 Vocabulary List,https://github.com/jamsinclair/open-anki-jlpt-decks,,
expression,N4,vocabulary,,だめ,だめ,"useless, no good, hopeless",na-adjective,,,,これはだめです。,これはだめです。,This is no good.,JLPT N4 Vocabulary List,https://github.com/jamsinclair/open-anki-jlpt-decks,,
expression,N4,vocabulary,,売り場,うりば,place where things are sold,noun,,,,靴の売り場はどこですか。,くつのうりばはどこですか。,Where is the shoe department?,JLPT N4 Vocabulary List,https://github.com/jamsinclair/open-anki-jlpt-decks,,
expression,N4,vocabulary,,正月,しょうがつ,"New Year, New Year's Day",noun,,,,お正月に家族と会います。,おしょうがつにかぞくとあいます。,I meet my family at New Year's.,JLPT N4 Vocabulary List,https://github.com/jamsinclair/open-anki-jlpt-decks,,
expression,N4,vocabulary,,規則,きそく,"rule, regulation",noun,,,,規則を守ります。,きそくをまもります。,I follow the rules.,JLPT N4 Vocabulary List,https://github.com/jamsinclair/open-anki-jlpt-decks,,
expression,N4,vocabulary,,うん,うん,"yes (informal), all right (ok)",interjection,,,,うん、分かった。,うん、わかった。,"Yeah, got it.",JLPT N4 Vocabulary List,https://github.com/jamsinclair/open-anki-jlpt-decks,,
expression,N4,vocabulary,,発音,はつおん,pronunciation,noun,,,,発音を練習します。,はつおんをれんしゅうします。,I practice pronunciation.,JLPT N4 Vocabulary List,https://github.com/jamsinclair/open-anki-jlpt-decks,,
expression,N4,vocabulary,,焼く,やく,"to bake, to grill",verb,godan,transitive,,パンを焼きます。,パンをやきます。,I bake bread.,JLPT N4 Vocabulary List,https://github.com/jamsinclair/open-anki-jlpt-decks,,
expression,N4,vocabulary,,屋上,おくじょう,rooftop,noun,,,,屋上に上がります。,おくじょうにあがります。,I go up to the rooftop.,JLPT N4 Vocabulary List,https://github.com/jamsinclair/open-anki-jlpt-decks,,
expression,N4,vocabulary,,失礼,しつれい,"discourtesy, impoliteness; Excuse me",na-adjective,,,,失礼しました。,しつれいしました。,Excuse me / I apologize.,JLPT N4 Vocabulary List,https://github.com/jamsinclair/open-anki-jlpt-decks,,
expression,N4,vocabulary,,ごみ,ごみ,"trash, garbage",noun,,,,ごみを捨てます。,ごみをすてます。,I throw away the trash.,JLPT N4 Vocabulary List,https://github.com/jamsinclair/open-anki-jlpt-decks,,
expression,N4,vocabulary,,アフリカ,アフリカ,Africa,noun,,,,アフリカへ旅行します。,アフリカへりょこうします。,I travel to Africa.,JLPT N4 Vocabulary List,https://github.com/jamsinclair/open-anki-jlpt-decks,,
expression,N4,vocabulary,,点,てん,"mark, score, grade; point, dot",noun,,,,テストで百点を取りました。,テストでひゃくてんをとりました。,I got 100 points on the test.,JLPT N4 Vocabulary List,https://github.com/jamsinclair/open-anki-jlpt-decks,,
expression,N4,vocabulary,,一生懸命,いっしょうけんめい,"very hard (as in ""to work hard""), with utmost effort",adverb,,,,一生懸命勉強しました。,いっしょうけんめいべんきょうしました。,I studied very hard.,JLPT N4 Vocabulary List,https://github.com/jamsinclair/open-anki-jlpt-decks,,
expression,N4,vocabulary,,今度,こんど,"now, this time, near future, one of these days, next time",noun,,,,今度、遊びに来てください。,こんど、あそびにきてください。,Please come visit sometime.,JLPT N4 Vocabulary List,https://github.com/jamsinclair/open-anki-jlpt-decks,,
expression,N4,vocabulary,,機会,きかい,"chance, opportunity",noun,,,,いい機会です。,いいきかいです。,It's a good opportunity.,JLPT N4 Vocabulary List,https://github.com/jamsinclair/open-anki-jlpt-decks,,
expression,N4,vocabulary,,建てる,たてる,to build,verb,ichidan,transitive,,家を建てます。,いえをたてます。,I build a house.,JLPT N4 Vocabulary List,https://github.com/jamsinclair/open-anki-jlpt-decks,,
expression,N4,vocabulary,,複雑,ふくざつ,"complexity, complication",na-adjective,,,,この問題は複雑です。,このもんだいはふくざつです。,This problem is complicated.,JLPT N4 Vocabulary List,https://github.com/jamsinclair/open-anki-jlpt-decks,,
expression,N4,vocabulary,,彼,かれ,"he, boyfriend",pronoun,,,,彼は先生です。,かれはせんせいです。,He is a teacher.,JLPT N4 Vocabulary List,https://github.com/jamsinclair/open-anki-jlpt-decks,,
expression,N4,vocabulary,,いらっしゃる,いらっしゃる,"-- honorific expression for いく, くる, and いる --",verb,irregular,intransitive,,先生がいらっしゃいます。,せんせいがいらっしゃいます。,The teacher is here.,JLPT N4 Vocabulary List,https://github.com/jamsinclair/open-anki-jlpt-decks,,
expression,N4,vocabulary,,布団,ふとん,futon,noun,,,,布団を敷きます。,ふとんをしきます。,I lay out the futon.,JLPT N4 Vocabulary List,https://github.com/jamsinclair/open-anki-jlpt-decks,,
expression,N4,vocabulary,,大事,だいじ,"important, valuable, serious matter",na-adjective,,,,家族が大事です。,かぞくがだいじです。,Family is important.,JLPT N4 Vocabulary List,https://github.com/jamsinclair/open-anki-jlpt-decks,,
expression,N4,vocabulary,,贈り物,おくりもの,a gift; a present,noun,,,,贈り物をもらいました。,おくりものをもらいました。,I received a gift.,JLPT N4 Vocabulary List,https://github.com/jamsinclair/open-anki-jlpt-decks,,
expression,N4,vocabulary,,泥棒,どろぼう,thief; burglar,noun,,,,泥棒に注意してください。,どろぼうにちゅういしてください。,Please watch out for thieves.,JLPT N4 Vocabulary List,https://github.com/jamsinclair/open-anki-jlpt-decks,,
expression,N4,vocabulary,,～製,～せい,made in ~,suffix,,,,日本製の車です。,にほんせいのくるまです。,It is a car made in Japan.,JLPT N4 Vocabulary List,https://github.com/jamsinclair/open-anki-jlpt-decks,,
expression,N4,vocabulary,,注意,ちゅうい,"caution, attention",noun,,,,注意してください。,ちゅういしてください。,Please be careful.,JLPT N4 Vocabulary List,https://github.com/jamsinclair/open-anki-jlpt-decks,,
expression,N4,vocabulary,,台風,たいふう,typhoon,noun,,,,台風が来ます。,たいふうがきます。,A typhoon is coming.,JLPT N4 Vocabulary List,https://github.com/jamsinclair/open-anki-jlpt-decks,,
expression,N4,vocabulary,,日,ひ,"sun, sunshine, day",noun,,,,いい日ですね。,いいひですね。,"It's a nice day, isn't it?",JLPT N4 Vocabulary List,https://github.com/jamsinclair/open-anki-jlpt-decks,,
expression,N4,vocabulary,,～軒,～けん,counter for houses,counter,,,,家が三軒あります。,いえがさんげんあります。,There are three houses.,JLPT N4 Vocabulary List,https://github.com/jamsinclair/open-anki-jlpt-decks,,
expression,N4,vocabulary,,そう,そう,"really, (is that) so; yes, right",adverb,,,,そうですね。,そうですね。,"That's right, isn't it.",JLPT N4 Vocabulary List,https://github.com/jamsinclair/open-anki-jlpt-decks,,
expression,N4,vocabulary,,通る,とおる,"to pass (by), to go through",verb,godan,intransitive,,この道を通ります。,このみちをとおります。,I go through this road.,JLPT N4 Vocabulary List,https://github.com/jamsinclair/open-anki-jlpt-decks,,
expression,N4,vocabulary,,過ぎる,すぎる,"to exceed, to go beyond",verb,ichidan,intransitive,,もう九時を過ぎました。,もうくじをすぎました。,It's already past nine o'clock.,JLPT N4 Vocabulary List,https://github.com/jamsinclair/open-anki-jlpt-decks,,
expression,N4,vocabulary,,レポート,レポート,report,noun,,,,レポートを書きます。,レポートをかきます。,I write a report.,JLPT N4 Vocabulary List,https://github.com/jamsinclair/open-anki-jlpt-decks,,Alt. spelling: リポート
expression,N4,vocabulary,,リポート,リポート,report,noun,,,,レポートを書きます。,レポートをかきます。,I write a report.,JLPT N4 Vocabulary List,https://github.com/jamsinclair/open-anki-jlpt-decks,,Alt. spelling: レポート
expression,N4,vocabulary,,葉,は,leaf,noun,,,,葉が落ちました。,はがおちました。,The leaf fell.,JLPT N4 Vocabulary List,https://github.com/jamsinclair/open-anki-jlpt-decks,,
expression,N4,vocabulary,,必要,ひつよう,necessary,na-adjective,,,,お金が必要です。,おかねがひつようです。,Money is necessary.,JLPT N4 Vocabulary List,https://github.com/jamsinclair/open-anki-jlpt-decks,,
expression,N4,vocabulary,,課長,かちょう,section manager,noun,,,,課長に相談します。,かちょうにそうだんします。,I consult with the section manager.,JLPT N4 Vocabulary List,https://github.com/jamsinclair/open-anki-jlpt-decks,,
expression,N4,vocabulary,,地震,じしん,earthquake,noun,,,,昨日、地震がありました。,きのう、じしんがありました。,There was an earthquake yesterday.,JLPT N4 Vocabulary List,https://github.com/jamsinclair/open-anki-jlpt-decks,,
expression,N4,vocabulary,,すると,すると,"and, then",conjunction,,,,すると、雨が降り出しました。,すると、あめがふりだしました。,"And then, it started to rain.",JLPT N4 Vocabulary List,https://github.com/jamsinclair/open-anki-jlpt-decks,,
expression,N4,vocabulary,,止める,やめる,"to end, to stop",verb,ichidan,transitive,,たばこをやめました。,たばこをやめました。,I quit smoking.,JLPT N4 Vocabulary List,https://github.com/jamsinclair/open-anki-jlpt-decks,,
expression,N4,vocabulary,,ガラス,ガラス,"glass, pane",noun,,,,ガラスが割れました。,ガラスがわれました。,The glass broke.,JLPT N4 Vocabulary List,https://github.com/jamsinclair/open-anki-jlpt-decks,,
expression,N4,vocabulary,,～学部,～がくぶ,department of a university,suffix,,,,医学部で勉強しています。,いがくぶでべんきょうしています。,I study in the medical department.,JLPT N4 Vocabulary List,https://github.com/jamsinclair/open-anki-jlpt-decks,,
expression,N4,vocabulary,,厳しい,きびしい,hard; rigorous; strict,i-adjective,,,,先生は厳しいです。,せんせいはきびしいです。,The teacher is strict.,JLPT N4 Vocabulary List,https://github.com/jamsinclair/open-anki-jlpt-decks,,
expression,N4,vocabulary,,エスカレーター,エスカレーター,escalator,noun,,,,エスカレーターに乗ります。,エスカレーターにのります。,I get on the escalator.,JLPT N4 Vocabulary List,https://github.com/jamsinclair/open-anki-jlpt-decks,,
expression,N4,vocabulary,,人口,じんこう,population,noun,,,,この町の人口は多いです。,このまちのじんこうはおおいです。,This town's population is large.,JLPT N4 Vocabulary List,https://github.com/jamsinclair/open-anki-jlpt-decks,,
expression,N4,vocabulary,,月,つき,moon,noun,,,,月がきれいです。,つきがきれいです。,The moon is beautiful.,JLPT N4 Vocabulary List,https://github.com/jamsinclair/open-anki-jlpt-decks,,
expression,N4,vocabulary,,絹,きぬ,silk,noun,,,,絹のシャツを買いました。,きぬのシャツをかいました。,I bought a silk shirt.,JLPT N4 Vocabulary List,https://github.com/jamsinclair/open-anki-jlpt-decks,,
expression,N4,vocabulary,,ちっとも,ちっとも,not at all (neg. verb),adverb,,,,ちっとも分かりません。,ちっともわかりません。,I don't understand at all.,JLPT N4 Vocabulary List,https://github.com/jamsinclair/open-anki-jlpt-decks,,
expression,N4,vocabulary,,深い,ふかい,"deep, profound",i-adjective,,,,この川は深いです。,このかわはふかいです。,This river is deep.,JLPT N4 Vocabulary List,https://github.com/jamsinclair/open-anki-jlpt-decks,,
expression,N4,vocabulary,,壊れる,こわれる,"to be broken, to break",verb,ichidan,intransitive,,テレビが壊れました。,テレビがこわれました。,The TV broke.,JLPT N4 Vocabulary List,https://github.com/jamsinclair/open-anki-jlpt-decks,,
expression,N4,vocabulary,,揺れる,ゆれる,"to shake, to sway",verb,ichidan,intransitive,,地震で家が揺れました。,じしんでいえがゆれました。,The house shook due to the earthquake.,JLPT N4 Vocabulary List,https://github.com/jamsinclair/open-anki-jlpt-decks,,
expression,N4,vocabulary,,落る,おちる,"to fall, to drop",verb,ichidan,intransitive,,りんごが落ちました。,りんごがおちました。,The apple fell.,JLPT N4 Vocabulary List,https://github.com/jamsinclair/open-anki-jlpt-decks,,
expression,N4,vocabulary,,できるだけ,できるだけ,"if at all possible, as much as possible",adverb,,,,できるだけ早く来てください。,できるだけはやくきてください。,Please come as soon as possible.,JLPT N4 Vocabulary List,https://github.com/jamsinclair/open-anki-jlpt-decks,,
expression,N4,vocabulary,,悲しい,かなしい,"sad, sorrowful",i-adjective,,,,その話は悲しいです。,そのはなしはかなしいです。,That story is sad.,JLPT N4 Vocabulary List,https://github.com/jamsinclair/open-anki-jlpt-decks,,
expression,N4,vocabulary,,中学校,ちゅうがっこう,junior high school pupil,noun,,,,中学校の先生です。,ちゅうがっこうのせんせいです。,I am a junior high school teacher.,JLPT N4 Vocabulary List,https://github.com/jamsinclair/open-anki-jlpt-decks,,
expression,N4,vocabulary,,ガス,ガス,gas,noun,,,,ガスを止めてください。,ガスをとめてください。,Please turn off the gas.,JLPT N4 Vocabulary List,https://github.com/jamsinclair/open-anki-jlpt-decks,,
expression,N4,vocabulary,,祈る,いのる,to pray; to wish,verb,godan,transitive,,成功を祈ります。,せいこうをいのります。,I pray for success.,JLPT N4 Vocabulary List,https://github.com/jamsinclair/open-anki-jlpt-decks,,
expression,N4,vocabulary,,盛ん,さかん,"prosperous, active, thriving",na-adjective,,,,この町はスポーツが盛んです。,このまちはスポーツがさかんです。,Sports are popular in this town.,JLPT N4 Vocabulary List,https://github.com/jamsinclair/open-anki-jlpt-decks,,
expression,N4,vocabulary,,アルバイト,アルバイト,part-time job,noun,,,,アルバイトをしています。,アルバイトをしています。,I have a part-time job.,JLPT N4 Vocabulary List,https://github.com/jamsinclair/open-anki-jlpt-decks,,
expression,N4,vocabulary,,起こす,おこす,to wake (someone) up,verb,godan,transitive,,朝、母を起こしました。,あさ、ははをおこしました。,I woke up my mother in the morning.,JLPT N4 Vocabulary List,https://github.com/jamsinclair/open-anki-jlpt-decks,,
expression,N4,vocabulary,,致す,いたす,-- extra-modest expression for する --,verb,godan,transitive,,私がいたします。,わたしがいたします。,I will do it.,JLPT N4 Vocabulary List,https://github.com/jamsinclair/open-anki-jlpt-decks,,
expression,N4,vocabulary,,噛む,かむ,"to bite, to chew",verb,godan,transitive,,よく噛んで食べます。,よくかんでたべます。,I chew well when eating.,JLPT N4 Vocabulary List,https://github.com/jamsinclair/open-anki-jlpt-decks,,
expression,N4,vocabulary,,赤ちゃん,あかちゃん,"baby, infant",noun,,,,赤ちゃんが泣いています。,あかちゃんがないています。,The baby is crying.,JLPT N4 Vocabulary List,https://github.com/jamsinclair/open-anki-jlpt-decks,,
expression,N4,vocabulary,,浅い,あさい,"shallow, superficial",i-adjective,,,,このプールは浅いです。,このプールはあさいです。,This pool is shallow.,JLPT N4 Vocabulary List,https://github.com/jamsinclair/open-anki-jlpt-decks,,
expression,N4,vocabulary,,嘘,うそ,lie,noun,,,,嘘をつかないでください。,うそをつかないでください。,Please don't lie.,JLPT N4 Vocabulary List,https://github.com/jamsinclair/open-anki-jlpt-decks,,
expression,N4,vocabulary,,小説,しょうせつ,novel,noun,,,,小説を書いています。,しょうせつをかいています。,I am writing a novel.,JLPT N4 Vocabulary List,https://github.com/jamsinclair/open-anki-jlpt-decks,,
expression,N4,vocabulary,,親,おや,a parent,noun,,,,親に感謝します。,おやにかんしゃします。,I am grateful to my parents.,JLPT N4 Vocabulary List,https://github.com/jamsinclair/open-anki-jlpt-decks,,
expression,N4,vocabulary,,それに,それに,moreover; besides,conjunction,,,,それに、値段も安いです。,それに、ねだんもやすいです。,"Moreover, the price is cheap too.",JLPT N4 Vocabulary List,https://github.com/jamsinclair/open-anki-jlpt-decks,,
expression,N4,vocabulary,,西洋,せいよう,"the West, Western countries",noun,,,,西洋の文化を勉強します。,せいようのぶんかをべんきょうします。,I study Western culture.,JLPT N4 Vocabulary List,https://github.com/jamsinclair/open-anki-jlpt-decks,,
expression,N4,vocabulary,,思う,おもう,"to think, to feel",verb,godan,transitive,,そう思います。,そうおもいます。,I think so.,JLPT N4 Vocabulary List,https://github.com/jamsinclair/open-anki-jlpt-decks,,
expression,N4,vocabulary,,パート (タイム),パート (タイム),part time (esp. female part time employees),noun,,,,パートで働いています。,パートではたらいています。,I work part-time.,JLPT N4 Vocabulary List,https://github.com/jamsinclair/open-anki-jlpt-decks,,
expression,N4,vocabulary,,時代,じだい,"age, period, epoch, era",noun,,,,いい時代でした。,いいじだいでした。,It was a good era.,JLPT N4 Vocabulary List,https://github.com/jamsinclair/open-anki-jlpt-decks,,
expression,N4,vocabulary,,申し上げる,もうしあげる,"(humble)to say, to tell",verb,ichidan,transitive,,お礼を申し上げます。,おれいをもうしあげます。,I express my gratitude.,JLPT N4 Vocabulary List,https://github.com/jamsinclair/open-anki-jlpt-decks,,
expression,N4,vocabulary,,～式,～しき,~ ceremony; ~ style,suffix,,,,卒業式に出ます。,そつぎょうしきにでます。,I attend the graduation ceremony.,JLPT N4 Vocabulary List,https://github.com/jamsinclair/open-anki-jlpt-decks,,
expression,N4,vocabulary,,出席,しゅっせきする,attendance,noun,,,,会議に出席します。,かいぎにしゅっせきします。,I attend the meeting.,JLPT N4 Vocabulary List,https://github.com/jamsinclair/open-anki-jlpt-decks,,
expression,N4,vocabulary,,～家,～か,person who is specialized in ~,suffix,,,,彼は音楽家です。,かれはおんがくかです。,He is a musician.,JLPT N4 Vocabulary List,https://github.com/jamsinclair/open-anki-jlpt-decks,,
expression,N4,vocabulary,,迎える,むかえる,to welcome; to meet; to greet,verb,ichidan,transitive,,駅で友達を迎えます。,えきでともだちをむかえます。,I meet my friend at the station.,JLPT N4 Vocabulary List,https://github.com/jamsinclair/open-anki-jlpt-decks,,
expression,N4,vocabulary,,触る,さわる,"to touch, to feel",verb,godan,intransitive,,これに触らないでください。,これにさわらないでください。,Please don't touch this.,JLPT N4 Vocabulary List,https://github.com/jamsinclair/open-anki-jlpt-decks,,
expression,N4,vocabulary,,建て,～だて,"~ storied, separate housing",suffix,,,,二階建ての家です。,にかいだてのいえです。,It's a two-story house.,JLPT N4 Vocabulary List,https://github.com/jamsinclair/open-anki-jlpt-decks,,
expression,N4,vocabulary,,社長,しゃちょう,president of a company,noun,,,,社長に会いました。,しゃちょうにあいました。,I met the company president.,JLPT N4 Vocabulary List,https://github.com/jamsinclair/open-anki-jlpt-decks,,
expression,N4,vocabulary,,動物園,どうぶつえん,zoo,noun,,,,動物園へ行きます。,どうぶつえんへいきます。,I go to the zoo.,JLPT N4 Vocabulary List,https://github.com/jamsinclair/open-anki-jlpt-decks,,
expression,N4,vocabulary,,捕まえる,つかまえる,"to catch, to arrest",verb,ichidan,transitive,,泥棒を捕まえました。,どろぼうをつかまえました。,They caught the thief.,JLPT N4 Vocabulary List,https://github.com/jamsinclair/open-anki-jlpt-decks,,
expression,N4,vocabulary,,季節,きせつ,season (in reference to weather),noun,,,,好きな季節は春です。,すきなきせつははるです。,My favorite season is spring.,JLPT N4 Vocabulary List,https://github.com/jamsinclair/open-anki-jlpt-decks,,
expression,N4,vocabulary,,寄る,よる,to stop by,verb,godan,intransitive,,帰りに店に寄ります。,かえりにみせによります。,I stop by the store on my way home.,JLPT N4 Vocabulary List,https://github.com/jamsinclair/open-anki-jlpt-decks,,
expression,N4,vocabulary,,決まる,きまる,to be set; fixed (v.i.),verb,godan,intransitive,決める,予定が決まりました。,よていがきまりました。,The schedule has been decided.,JLPT N4 Vocabulary List,https://github.com/jamsinclair/open-anki-jlpt-decks,,
expression,N4,vocabulary,,開く,ひらく,to open; to hold (an event),verb,godan,transitive,,パーティーを開きます。,パーティーをひらきます。,I will hold a party.,JLPT N4 Vocabulary List,https://github.com/jamsinclair/open-anki-jlpt-decks,,
expression,N4,vocabulary,,逃げる,にげる,"to escape, to run away",verb,ichidan,intransitive,,犬が逃げました。,いぬがにげました。,The dog ran away.,JLPT N4 Vocabulary List,https://github.com/jamsinclair/open-anki-jlpt-decks,,
expression,N4,vocabulary,,だから,だから,so; therefore,conjunction,,,,だから、行きません。,だから、いきません。,"So, I won't go.",JLPT N4 Vocabulary List,https://github.com/jamsinclair/open-anki-jlpt-decks,,
expression,N4,vocabulary,,残念,ざんねん,regret; regrettable,na-adjective,,,,それは残念ですね。,それはざんねんですね。,That's a shame.,JLPT N4 Vocabulary List,https://github.com/jamsinclair/open-anki-jlpt-decks,,
expression,N4,vocabulary,,畳,たたみ,tatami mat (Japanese straw mat),noun,,,,畳の部屋で寝ます。,たたみのへやでねます。,I sleep in a tatami room.,JLPT N4 Vocabulary List,https://github.com/jamsinclair/open-anki-jlpt-decks,,
expression,N4,vocabulary,,丁寧,ていねい,"polite, courteous, careful",na-adjective,,,,彼は丁寧に話します。,かれはていねいにはなします。,He speaks politely.,JLPT N4 Vocabulary List,https://github.com/jamsinclair/open-anki-jlpt-decks,,
expression,N4,vocabulary,,地理,ちり,geography,noun,,,,地理を勉強します。,ちりをべんきょうします。,I study geography.,JLPT N4 Vocabulary List,https://github.com/jamsinclair/open-anki-jlpt-decks,,
expression,N4,vocabulary,,さっき,さっき,a little while ago,adverb,,,,さっき、電話がありました。,さっき、でんわがありました。,There was a phone call a little while ago.,JLPT N4 Vocabulary List,https://github.com/jamsinclair/open-anki-jlpt-decks,,
expression,N4,vocabulary,,怖い,こわい,"scary, frightening",i-adjective,,,,この映画は怖いです。,このえいがはこわいです。,This movie is scary.,JLPT N4 Vocabulary List,https://github.com/jamsinclair/open-anki-jlpt-decks,,
expression,N4,vocabulary,,包む,つつむ,"to wrap, to cover",verb,godan,transitive,,プレゼントを包みます。,プレゼントをつつみます。,I wrap the present.,JLPT N4 Vocabulary List,https://github.com/jamsinclair/open-anki-jlpt-decks,,
expression,N4,vocabulary,,なるべく,なるべく,"if possible, as much as possible",adverb,,,,なるべく早く来てください。,なるべくはやくきてください。,Please come as soon as possible.,JLPT N4 Vocabulary List,https://github.com/jamsinclair/open-anki-jlpt-decks,,
expression,N4,vocabulary,,無理,むり,"unreasonable, impossible",na-adjective,,,,それは無理です。,それはむりです。,That's impossible.,JLPT N4 Vocabulary List,https://github.com/jamsinclair/open-anki-jlpt-decks,,
expression,N4,vocabulary,,サンドイッチ,サンドイッチ,sandwich,noun,,,,サンドイッチを食べます。,サンドイッチをたべます。,I eat a sandwich.,JLPT N4 Vocabulary List,https://github.com/jamsinclair/open-anki-jlpt-decks,,
expression,N4,vocabulary,,会議室,かいぎしつ,conference room,noun,,,,会議室で待っています。,かいぎしつでまっています。,I am waiting in the conference room.,JLPT N4 Vocabulary List,https://github.com/jamsinclair/open-anki-jlpt-decks,,
expression,N4,vocabulary,,品物,しなもの,goods,noun,,,,品物を確認します。,しなものをかくにんします。,I check the goods.,JLPT N4 Vocabulary List,https://github.com/jamsinclair/open-anki-jlpt-decks,,
expression,N4,vocabulary,,人形,にんぎょう,"doll, figure",noun,,,,人形で遊びます。,にんぎょうであそびます。,I play with a doll.,JLPT N4 Vocabulary List,https://github.com/jamsinclair/open-anki-jlpt-decks,,
expression,N4,vocabulary,,利用,りよう,"use, utilization",noun,,,,バスを利用します。,バスをりようします。,I use the bus.,JLPT N4 Vocabulary List,https://github.com/jamsinclair/open-anki-jlpt-decks,,
expression,N4,vocabulary,,飾る,かざる,"to decorate, to adorn",verb,godan,transitive,,部屋を花で飾ります。,へやをはなでかざります。,I decorate the room with flowers.,JLPT N4 Vocabulary List,https://github.com/jamsinclair/open-anki-jlpt-decks,,
expression,N4,vocabulary,,止める,とめる,to stop (something),verb,ichidan,transitive,,車を止めます。,くるまをとめます。,I stop the car.,JLPT N4 Vocabulary List,https://github.com/jamsinclair/open-anki-jlpt-decks,,
expression,N4,vocabulary,,恥ずかしい,はずかしい,"ashamed, embarrassed",i-adjective,,,,恥ずかしいです。,はずかしいです。,I am embarrassed.,JLPT N4 Vocabulary List,https://github.com/jamsinclair/open-anki-jlpt-decks,,
expression,N4,vocabulary,,いくら～ても,いくら～ても,however much one may ~,phrase,,,,いくら頑張っても、うまくいきません。,いくらがんばっても、うまくいきません。,"No matter how hard I try, it doesn't go well.",JLPT N4 Vocabulary List,https://github.com/jamsinclair/open-anki-jlpt-decks,,
expression,N4,vocabulary,,用事,ようじ,business to take care of; tasks; errands,noun,,,,用事があります。,ようじがあります。,I have something to take care of.,JLPT N4 Vocabulary List,https://github.com/jamsinclair/open-anki-jlpt-decks,,
expression,N4,vocabulary,,ビル,ビル,(abbr.) building,noun,,,,高いビルがあります。,たかいビルがあります。,There is a tall building.,JLPT N4 Vocabulary List,https://github.com/jamsinclair/open-anki-jlpt-decks,,
expression,N4,vocabulary,,けんかする,けんかする,quarrel,verb,irregular,intransitive,,友達とけんかしました。,ともだちとけんかしました。,I quarreled with my friend.,JLPT N4 Vocabulary List,https://github.com/jamsinclair/open-anki-jlpt-decks,,
expression,N4,vocabulary,,頑張る,がんばる,"to try one's best, to try hard, to persist",verb,godan,intransitive,,頑張ってください。,がんばってください。,Please do your best.,JLPT N4 Vocabulary List,https://github.com/jamsinclair/open-anki-jlpt-decks,,
expression,N4,vocabulary,,投げる,なげる,"to pitch, to cast away",verb,ichidan,transitive,,ボールを投げます。,ボールをなげます。,I throw the ball.,JLPT N4 Vocabulary List,https://github.com/jamsinclair/open-anki-jlpt-decks,,
expression,N4,vocabulary,,故障,こしょうする,breakdown,noun,,,,車が故障しました。,くるまがこしょうしました。,The car broke down.,JLPT N4 Vocabulary List,https://github.com/jamsinclair/open-anki-jlpt-decks,,
expression,N4,vocabulary,,力,ちから,"strength, power",noun,,,,力がありません。,ちからがありません。,I have no strength.,JLPT N4 Vocabulary List,https://github.com/jamsinclair/open-anki-jlpt-decks,,
expression,N4,vocabulary,,受ける,うける,"to take (an examination, interview, etc.); to receive",verb,ichidan,transitive,,試験を受けます。,しけんをうけます。,I take an exam.,JLPT N4 Vocabulary List,https://github.com/jamsinclair/open-anki-jlpt-decks,,
expression,N4,vocabulary,,気分,きぶん,"feeling, mood",noun,,,,今日は気分がいいです。,きょうはきぶんがいいです。,I feel good today.,JLPT N4 Vocabulary List,https://github.com/jamsinclair/open-anki-jlpt-decks,,
expression,N4,vocabulary,,間違える,まちがえる,to make a mistake,verb,ichidan,transitive,,答えを間違えました。,こたえをまちがえました。,I got the answer wrong.,JLPT N4 Vocabulary List,https://github.com/jamsinclair/open-anki-jlpt-decks,,
expression,N4,vocabulary,,そんな,そんな,"such, like that, that sort of",determiner,,,,そんな話は聞きたくないです。,そんなはなしはききたくないです。,I don't want to hear that kind of story.,JLPT N4 Vocabulary List,https://github.com/jamsinclair/open-anki-jlpt-decks,,
expression,N4,vocabulary,,星,ほし,star,noun,,,,星がきれいです。,ほしがきれいです。,The stars are beautiful.,JLPT N4 Vocabulary List,https://github.com/jamsinclair/open-anki-jlpt-decks,,
expression,N4,vocabulary,,場合,ばあい,"case, situation",noun,,,,その場合はどうしますか。,そのばあいはどうしますか。,What will you do in that case?,JLPT N4 Vocabulary List,https://github.com/jamsinclair/open-anki-jlpt-decks,,
expression,N4,vocabulary,,やっと,やっと,"at last, finally",adverb,,,,やっと終わりました。,やっとおわりました。,It finally ended.,JLPT N4 Vocabulary List,https://github.com/jamsinclair/open-anki-jlpt-decks,,
expression,N4,vocabulary,,足りる,たりる,to be sufficient; to be enough,verb,ichidan,intransitive,,お金が足りません。,おかねがたりません。,I don't have enough money.,JLPT N4 Vocabulary List,https://github.com/jamsinclair/open-anki-jlpt-decks,,
expression,N4,vocabulary,,行う,おこなう,to carry out; to conduct (typically used in written language),verb,godan,transitive,,試験を行います。,しけんをおこないます。,We will conduct the exam.,JLPT N4 Vocabulary List,https://github.com/jamsinclair/open-anki-jlpt-decks,,
expression,N4,vocabulary,,ぶどう,ぶどう,grapes,noun,,,,ぶどうを食べます。,ぶどうをたべます。,I eat grapes.,JLPT N4 Vocabulary List,https://github.com/jamsinclair/open-anki-jlpt-decks,,
expression,N4,vocabulary,,無くなる,なくなる,"to disappear, to get lost",verb,godan,intransitive,,財布が無くなりました。,さいふがなくなりました。,My wallet disappeared.,JLPT N4 Vocabulary List,https://github.com/jamsinclair/open-anki-jlpt-decks,,
expression,N4,vocabulary,,準備,じゅんびする,prepare,noun,,,,旅行の準備をします。,りょこうのじゅんびをします。,I prepare for the trip.,JLPT N4 Vocabulary List,https://github.com/jamsinclair/open-anki-jlpt-decks,,
expression,N4,vocabulary,,世界,せかい,world,noun,,,,世界を旅行したいです。,せかいをりょこうしたいです。,I want to travel the world.,JLPT N4 Vocabulary List,https://github.com/jamsinclair/open-anki-jlpt-decks,,
expression,N4,vocabulary,,住所,じゅうしょ,address; place of residence,noun,,,,住所を教えてください。,じゅうしょをおしえてください。,Please tell me your address.,JLPT N4 Vocabulary List,https://github.com/jamsinclair/open-anki-jlpt-decks,,
expression,N4,vocabulary,,再来月,さらいげつ,the month after next,noun,,,,再来月、日本へ行きます。,さらいげつ、にほんへいきます。,I will go to Japan the month after next.,JLPT N4 Vocabulary List,https://github.com/jamsinclair/open-anki-jlpt-decks,,
expression,N4,vocabulary,,林,はやし,"woods, forest",noun,,,,林の中を歩きます。,はやしのなかをあるきます。,I walk through the woods.,JLPT N4 Vocabulary List,https://github.com/jamsinclair/open-anki-jlpt-decks,,
expression,N4,vocabulary,,倍,ばい,double,noun,,,,値段が二倍になりました。,ねだんがにばいになりました。,The price doubled.,JLPT N4 Vocabulary List,https://github.com/jamsinclair/open-anki-jlpt-decks,,
expression,N4,vocabulary,,痩せる,やせる,to lose weight,verb,ichidan,intransitive,,最近、痩せました。,さいきん、やせました。,I have lost weight recently.,JLPT N4 Vocabulary List,https://github.com/jamsinclair/open-anki-jlpt-decks,,
expression,N4,vocabulary,,線,せん,"line, wire",noun,,,,線を引きます。,せんをひきます。,I draw a line.,JLPT N4 Vocabulary List,https://github.com/jamsinclair/open-anki-jlpt-decks,,
expression,N4,vocabulary,,戦争,せんそう,war,noun,,,,戦争が終わりました。,せんそうがおわりました。,The war ended.,JLPT N4 Vocabulary List,https://github.com/jamsinclair/open-anki-jlpt-decks,,
expression,N4,vocabulary,,決める,きめる,to decide (v.t.),verb,ichidan,transitive,,予定を決めます。,よていをきめます。,I decide the schedule.,JLPT N4 Vocabulary List,https://github.com/jamsinclair/open-anki-jlpt-decks,,
expression,N4,vocabulary,,調べる,しらべる,to check; to look up; to inquire; to search,verb,ichidan,transitive,,言葉の意味を調べます。,ことばのいみをしらべます。,I look up the meaning of a word.,JLPT N4 Vocabulary List,https://github.com/jamsinclair/open-anki-jlpt-decks,,
expression,N4,vocabulary,,寝坊,ねぼう,sleeping in late,noun,,,,今朝、寝坊しました。,けさ、ねぼうしました。,I overslept this morning.,JLPT N4 Vocabulary List,https://github.com/jamsinclair/open-anki-jlpt-decks,,
expression,N4,vocabulary,,パパ,パパ,"papa, daddy",noun,,,,パパ、ただいま。,パパ、ただいま。,"Papa, I'm home.",JLPT N4 Vocabulary List,https://github.com/jamsinclair/open-anki-jlpt-decks,,
expression,N4,vocabulary,,光る,ひかる,"to shine, to glitter",verb,godan,intransitive,,星が光っています。,ほしがひかっています。,The stars are shining.,JLPT N4 Vocabulary List,https://github.com/jamsinclair/open-anki-jlpt-decks,,
expression,N4,vocabulary,,夫,おっと,husband,noun,,,,夫は会社員です。,おっとはかいしゃいんです。,My husband is a company employee.,JLPT N4 Vocabulary List,https://github.com/jamsinclair/open-anki-jlpt-decks,,
expression,N4,vocabulary,,雲,くも,cloud,noun,,,,空に雲があります。,そらにくもがあります。,There are clouds in the sky.,JLPT N4 Vocabulary List,https://github.com/jamsinclair/open-anki-jlpt-decks,,
expression,N4,vocabulary,,坂,さか,"slope, hill",noun,,,,この坂は急です。,このさかはきゅうです。,This slope is steep.,JLPT N4 Vocabulary List,https://github.com/jamsinclair/open-anki-jlpt-decks,,
expression,N4,vocabulary,,～(て) しまう,～(て) しまう,to end up ~,phrase,,,,宿題を忘れてしまいました。,しゅくだいをわすれてしまいました。,I ended up forgetting my homework.,JLPT N4 Vocabulary List,https://github.com/jamsinclair/open-anki-jlpt-decks,,
expression,N4,vocabulary,,飛行場,ひこうじょう,airport,noun,,,,飛行場へ行きます。,ひこうじょうへいきます。,I go to the airport.,JLPT N4 Vocabulary List,https://github.com/jamsinclair/open-anki-jlpt-decks,,
expression,N4,vocabulary,,柔道,じゅうどう,judo,noun,,,,柔道を習っています。,じゅうどうをならっています。,I am learning judo.,JLPT N4 Vocabulary List,https://github.com/jamsinclair/open-anki-jlpt-decks,,
expression,N4,vocabulary,,決して,けっして,never,adverb,,,,決して忘れません。,けっしてわすれません。,I will never forget.,JLPT N4 Vocabulary List,https://github.com/jamsinclair/open-anki-jlpt-decks,,
expression,N4,vocabulary,,事務所,じむしょ,office,noun,,,,事務所で働いています。,じむしょではたらいています。,I work at the office.,JLPT N4 Vocabulary List,https://github.com/jamsinclair/open-anki-jlpt-decks,,
expression,N4,vocabulary,,連絡,れんらく,"communication, contact, connection",noun,,,,後で連絡します。,あとでれんらくします。,I will contact you later.,JLPT N4 Vocabulary List,https://github.com/jamsinclair/open-anki-jlpt-decks,,
expression,N4,vocabulary,,小学校,しょうがっこう,elementary school,noun,,,,小学校の先生です。,しょうがっこうのせんせいです。,I am an elementary school teacher.,JLPT N4 Vocabulary List,https://github.com/jamsinclair/open-anki-jlpt-decks,,
expression,N4,vocabulary,,客,きゃく,"guest, customer",noun,,,,お客さんが来ました。,おきゃくさんがきました。,A guest has come.,JLPT N4 Vocabulary List,https://github.com/jamsinclair/open-anki-jlpt-decks,,
expression,N4,vocabulary,,昔,むかし,old days; past,noun,,,,昔、ここに家がありました。,むかし、ここにいえがありました。,There used to be a house here in the past.,JLPT N4 Vocabulary List,https://github.com/jamsinclair/open-anki-jlpt-decks,,
expression,N4,vocabulary,,美しい,うつくしい,"beautiful, lovely",i-adjective,,,,この景色は美しいです。,このけしきはうつくしいです。,This scenery is beautiful.,JLPT N4 Vocabulary List,https://github.com/jamsinclair/open-anki-jlpt-decks,,
expression,N4,vocabulary,,捨てる,すてる,"throw away (trash), dump, discard",verb,ichidan,transitive,,ごみを捨てます。,ごみをすてます。,I throw away trash.,JLPT N4 Vocabulary List,https://github.com/jamsinclair/open-anki-jlpt-decks,,
expression,N4,vocabulary,,なさる,なさる,-- honorific expression for する --,verb,godan,transitive,,先生が食事をなさいます。,せんせいがしょくじをなさいます。,The teacher eats.,JLPT N4 Vocabulary List,https://github.com/jamsinclair/open-anki-jlpt-decks,,
expression,N4,vocabulary,,事,こと,"thing(s), matter(s), fact",noun,,,,大切な事を伝えます。,たいせつなことをつたえます。,I convey an important matter.,JLPT N4 Vocabulary List,https://github.com/jamsinclair/open-anki-jlpt-decks,,
expression,N4,vocabulary,,どんどん,どんどん,quickly and steadily; at a rapid pace,adverb,,,,日本語がどんどん上手になります。,にほんごがどんどんじょうずになります。,My Japanese is improving rapidly.,JLPT N4 Vocabulary List,https://github.com/jamsinclair/open-anki-jlpt-decks,,
expression,N4,vocabulary,,試合,しあい,"match, game, competition",noun,,,,明日、試合があります。,あした、しあいがあります。,There is a match tomorrow.,JLPT N4 Vocabulary List,https://github.com/jamsinclair/open-anki-jlpt-decks,,
expression,N4,vocabulary,,適当,てきとう,"fitness, suitability",na-adjective,,,,適当な場所を選びます。,てきとうなばしょをえらびます。,I choose a suitable place.,JLPT N4 Vocabulary List,https://github.com/jamsinclair/open-anki-jlpt-decks,,
expression,N4,vocabulary,,素晴らしい,すばらしい,wonderful; terrific,i-adjective,,,,素晴らしい景色です。,すばらしいけしきです。,It's a wonderful view.,JLPT N4 Vocabulary List,https://github.com/jamsinclair/open-anki-jlpt-decks,,
expression,N4,vocabulary,,美術館,びじゅつかん,"art gallery, art museum",noun,,,,美術館へ行きます。,びじゅつかんへいきます。,I go to the art museum.,JLPT N4 Vocabulary List,https://github.com/jamsinclair/open-anki-jlpt-decks,,
expression,N4,vocabulary,,文法,ぶんぽう,grammar,noun,,,,文法を勉強します。,ぶんぽうをべんきょうします。,I study grammar.,JLPT N4 Vocabulary List,https://github.com/jamsinclair/open-anki-jlpt-decks,,
expression,N4,vocabulary,,終わり,おわり,end,noun,,,,これで終わりです。,これでおわりです。,This is the end.,JLPT N4 Vocabulary List,https://github.com/jamsinclair/open-anki-jlpt-decks,,
expression,N4,vocabulary,,壁,かべ,wall,noun,,,,壁に絵を掛けます。,かべにえをかけます。,I hang a picture on the wall.,JLPT N4 Vocabulary List,https://github.com/jamsinclair/open-anki-jlpt-decks,,
expression,N4,vocabulary,,一度,いちど,"once, one time",noun,,,,一度、日本へ行ったことがあります。,いちど、にほんへいったことがあります。,I have been to Japan once.,JLPT N4 Vocabulary List,https://github.com/jamsinclair/open-anki-jlpt-decks,,
expression,N4,vocabulary,,お礼,おれい,expression of gratitude; thanking; gift of appreciation; bow,noun,,,,お礼を言います。,おれいをいいます。,I say thank you.,JLPT N4 Vocabulary List,https://github.com/jamsinclair/open-anki-jlpt-decks,,
expression,N4,vocabulary,,親切,しんせつ,kindness,na-adjective,,,,彼は親切です。,かれはしんせつです。,He is kind.,JLPT N4 Vocabulary List,https://github.com/jamsinclair/open-anki-jlpt-decks,,
expression,N4,vocabulary,,知らせる,しらせる,to notify,verb,ichidan,transitive,,結果を知らせます。,けっかをしらせます。,I will let you know the result.,JLPT N4 Vocabulary List,https://github.com/jamsinclair/open-anki-jlpt-decks,,
expression,N4,vocabulary,,歯医者,はいしゃ,dentist,noun,,,,歯医者へ行きます。,はいしゃへいきます。,I go to the dentist.,JLPT N4 Vocabulary List,https://github.com/jamsinclair/open-anki-jlpt-decks,,
expression,N4,vocabulary,,熱心,ねっしん,enthusiasm,na-adjective,,,,彼は熱心に勉強します。,かれはねっしんにべんきょうします。,He studies enthusiastically.,JLPT N4 Vocabulary List,https://github.com/jamsinclair/open-anki-jlpt-decks,,
expression,N4,vocabulary,,始める,はじめる,"to start, to begin",verb,ichidan,transitive,,仕事を始めます。,しごとをはじめます。,I start work.,JLPT N4 Vocabulary List,https://github.com/jamsinclair/open-anki-jlpt-decks,,
expression,N4,vocabulary,,もらう,もらう,to receive,verb,godan,transitive,,プレゼントをもらいました。,プレゼントをもらいました。,I received a present.,JLPT N4 Vocabulary List,https://github.com/jamsinclair/open-anki-jlpt-decks,,
expression,N4,vocabulary,,泣く,なく,to cry,verb,godan,intransitive,,赤ちゃんが泣いています。,あかちゃんがないています。,The baby is crying.,JLPT N4 Vocabulary List,https://github.com/jamsinclair/open-anki-jlpt-decks,,
expression,N4,vocabulary,,治る,なおる,to get better; to recover from illness (v.i.),verb,godan,intransitive,,風邪が治りました。,かぜがなおりました。,My cold got better.,JLPT N4 Vocabulary List,https://github.com/jamsinclair/open-anki-jlpt-decks,,
expression,N4,vocabulary,,熱,ねつ,"fever, temperature",noun,,,,熱があります。,ねつがあります。,I have a fever.,JLPT N4 Vocabulary List,https://github.com/jamsinclair/open-anki-jlpt-decks,,
expression,N4,vocabulary,,お祭り,おまつり,festival,noun,,,,お祭りに行きます。,おまつりにいきます。,I go to the festival.,JLPT N4 Vocabulary List,https://github.com/jamsinclair/open-anki-jlpt-decks,,
expression,N4,vocabulary,,水道,すいどう,"water service, water line",noun,,,,水道の水を飲みます。,すいどうのみずをのみます。,I drink tap water.,JLPT N4 Vocabulary List,https://github.com/jamsinclair/open-anki-jlpt-decks,,
expression,N4,vocabulary,,匂い,におい,"odor, smell",noun,,,,いい匂いがします。,いいにおいがします。,It smells good.,JLPT N4 Vocabulary List,https://github.com/jamsinclair/open-anki-jlpt-decks,,
expression,N4,vocabulary,,ベル,ベル,bell,noun,,,,ベルが鳴りました。,ベルがなりました。,The bell rang.,JLPT N4 Vocabulary List,https://github.com/jamsinclair/open-anki-jlpt-decks,,
expression,N4,vocabulary,,赤ん坊,あかんぼう,baby,noun,,,,赤ん坊が生まれました。,あかんぼうがうまれました。,The baby was born.,JLPT N4 Vocabulary List,https://github.com/jamsinclair/open-anki-jlpt-decks,,
expression,N4,vocabulary,,おかしい,おかしい,strange; odd; funny,i-adjective,,,,この話はおかしいです。,このはなしはおかしいです。,This story is strange.,JLPT N4 Vocabulary List,https://github.com/jamsinclair/open-anki-jlpt-decks,,
expression,N4,vocabulary,,事故,じこ,accident,noun,,,,事故がありました。,じこがありました。,There was an accident.,JLPT N4 Vocabulary List,https://github.com/jamsinclair/open-anki-jlpt-decks,,
expression,N4,vocabulary,,変,へん,"strange, odd",na-adjective,,,,この音は変です。,このおとはへんです。,This sound is strange.,JLPT N4 Vocabulary List,https://github.com/jamsinclair/open-anki-jlpt-decks,,
expression,N4,vocabulary,,辞典,じてん,"encyclopedia, reference book",noun,,,,辞典で調べます。,じてんでしらべます。,I look it up in a reference book.,JLPT N4 Vocabulary List,https://github.com/jamsinclair/open-anki-jlpt-decks,,
expression,N4,vocabulary,,残る,のこる,"to remain (v.i.), to be left",verb,godan,intransitive,,料理が残りました。,りょうりがのこりました。,Some food was left over.,JLPT N4 Vocabulary List,https://github.com/jamsinclair/open-anki-jlpt-decks,,
expression,N4,vocabulary,,立てる,たてる,"to stand (something) up, to erect (something)",verb,ichidan,transitive,,旗を立てます。,はたをたてます。,I put up a flag.,JLPT N4 Vocabulary List,https://github.com/jamsinclair/open-anki-jlpt-decks,,
expression,N4,vocabulary,,くれる,くれる,"to give, to do for",verb,ichidan,transitive,,友達がプレゼントをくれました。,ともだちがプレゼントをくれました。,My friend gave me a present.,JLPT N4 Vocabulary List,https://github.com/jamsinclair/open-anki-jlpt-decks,,
expression,N4,vocabulary,,～員,～いん,member of ~,suffix,,,,会社員です。,かいしゃいんです。,I am a company employee.,JLPT N4 Vocabulary List,https://github.com/jamsinclair/open-anki-jlpt-decks,,
expression,N4,vocabulary,,原因,げんいん,"cause, origin, source",noun,,,,事故の原因を調べます。,じこのげんいんをしらべます。,I investigate the cause of the accident.,JLPT N4 Vocabulary List,https://github.com/jamsinclair/open-anki-jlpt-decks,,
expression,N4,vocabulary,,驚く,おどろく,"to be surprised, to be astonished",verb,godan,intransitive,,そのニュースに驚きました。,そのニュースにおどろきました。,I was surprised by that news.,JLPT N4 Vocabulary List,https://github.com/jamsinclair/open-anki-jlpt-decks,,
expression,N4,vocabulary,,いただく,頂く,-- extra-modest expression for たべる and のむ; humble expression for もらう --,verb,godan,transitive,,お茶をいただきます。,おちゃをいただきます。,I will have some tea.,JLPT N4 Vocabulary List,https://github.com/jamsinclair/open-anki-jlpt-decks,,
expression,N4,vocabulary,,祖母,そぼ,grandmother,noun,,,,祖母は元気です。,そぼはげんきです。,My grandmother is well.,JLPT N4 Vocabulary List,https://github.com/jamsinclair/open-anki-jlpt-decks,,
expression,N4,vocabulary,,場所,ばしょ,"place, location",noun,,,,会議の場所はどこですか。,かいぎのばしょはどこですか。,Where is the meeting place?,JLPT N4 Vocabulary List,https://github.com/jamsinclair/open-anki-jlpt-decks,,
expression,N4,vocabulary,,答,こたえ,"answer, response",noun,,,,答えを教えてください。,こたえをおしえてください。,Please tell me the answer.,JLPT N4 Vocabulary List,https://github.com/jamsinclair/open-anki-jlpt-decks,,
expression,N4,vocabulary,,もちろん,もちろん,"certainly, of course",adverb,,,,もちろん、行きます。,もちろん、いきます。,"Of course, I will go.",JLPT N4 Vocabulary List,https://github.com/jamsinclair/open-anki-jlpt-decks,,
expression,N4,vocabulary,,漬ける,つける,"to soak, to moisten, to pickle",verb,ichidan,transitive,,野菜を漬けます。,やさいをつけます。,I pickle vegetables.,JLPT N4 Vocabulary List,https://github.com/jamsinclair/open-anki-jlpt-decks,,
expression,N4,vocabulary,,受付,うけつけ,reception(ist) desk,noun,,,,受付で聞いてください。,うけつけできいてください。,Please ask at the reception desk.,JLPT N4 Vocabulary List,https://github.com/jamsinclair/open-anki-jlpt-decks,,
expression,N4,vocabulary,,内,うち,"within, inside",noun,,,,家族の内で一番若いです。,かぞくのうちでいちばんわかいです。,I am the youngest within my family.,JLPT N4 Vocabulary List,https://github.com/jamsinclair/open-anki-jlpt-decks,,
expression,N4,vocabulary,,スクリーン,スクリーン,screen,noun,,,,スクリーンに映画が映っています。,スクリーンにえいががうつっています。,A movie is showing on the screen.,JLPT N4 Vocabulary List,https://github.com/jamsinclair/open-anki-jlpt-decks,,
expression,N4,vocabulary,,増える,ふえる,"to increase, to multiply",verb,ichidan,intransitive,,人口が増えました。,じんこうがふえました。,The population increased.,JLPT N4 Vocabulary List,https://github.com/jamsinclair/open-anki-jlpt-decks,,
expression,N4,vocabulary,,または,または,"or, otherwise",conjunction,,,,バスまたは電車で行きます。,バスまたはでんしゃでいきます。,I go by bus or train.,JLPT N4 Vocabulary List,https://github.com/jamsinclair/open-anki-jlpt-decks,,
expression,N4,vocabulary,,けがする,けがする,"injury (to animate object), hurt",verb,irregular,intransitive,,転んでけがをしました。,ころんでけがをしました。,I fell and got injured.,JLPT N4 Vocabulary List,https://github.com/jamsinclair/open-anki-jlpt-decks,,
expression,N4,vocabulary,,以下,いか,"less than, below",noun,,,,二十歳以下は入れません。,はたちいかははいれません。,People under twenty cannot enter.,JLPT N4 Vocabulary List,https://github.com/jamsinclair/open-anki-jlpt-decks,,
expression,N4,vocabulary,,選ぶ,えらぶ,to choose; to select,verb,godan,transitive,,好きな色を選びます。,すきないろをえらびます。,I choose my favorite color.,JLPT N4 Vocabulary List,https://github.com/jamsinclair/open-anki-jlpt-decks,,
expression,N4,vocabulary,,～ばかり,～ばかり,"just did ~, only",particle,,,,遊んでばかりいます。,あそんでばかりいます。,I am only playing.,JLPT N4 Vocabulary List,https://github.com/jamsinclair/open-anki-jlpt-decks,,
expression,N4,vocabulary,,心,こころ,"heart, mind",noun,,,,優しい心を持っています。,やさしいこころをもっています。,I have a kind heart.,JLPT N4 Vocabulary List,https://github.com/jamsinclair/open-anki-jlpt-decks,,
expression,N4,vocabulary,,～だす,～だす,to start doing ~,suffix,,,,急に雨が降り出しました。,きゅうにあめがふりだしました。,It suddenly started to rain.,JLPT N4 Vocabulary List,https://github.com/jamsinclair/open-anki-jlpt-decks,,
expression,N4,vocabulary,,サラダ,サラダ,salad,noun,,,,サラダを食べます。,サラダをたべます。,I eat salad.,JLPT N4 Vocabulary List,https://github.com/jamsinclair/open-anki-jlpt-decks,,
expression,N4,vocabulary,,届ける,とどける,to deliver (v.t.),verb,ichidan,transitive,,荷物を届けます。,にもつをとどけます。,I deliver the package.,JLPT N4 Vocabulary List,https://github.com/jamsinclair/open-anki-jlpt-decks,,
expression,N4,vocabulary,,挨拶,あいさつする,greet(ing),noun,,,,先生に挨拶します。,せんせいにあいさつします。,I greet the teacher.,JLPT N4 Vocabulary List,https://github.com/jamsinclair/open-anki-jlpt-decks,,
expression,N4,vocabulary,,景色,けしき,"scenery, landscape",noun,,,,景色がきれいです。,けしきがきれいです。,The scenery is beautiful.,JLPT N4 Vocabulary List,https://github.com/jamsinclair/open-anki-jlpt-decks,,
expression,N4,vocabulary,,確か,たしか,"if I remember correctly; certain, definite",adverb,,,,確か、火曜日でした。,たしか、かようびでした。,"If I remember correctly, it was Tuesday.",JLPT N4 Vocabulary List,https://github.com/jamsinclair/open-anki-jlpt-decks,,
expression,N4,vocabulary,,ステーキ,ステーキ,steak,noun,,,,ステーキを食べます。,ステーキをたべます。,I eat steak.,JLPT N4 Vocabulary List,https://github.com/jamsinclair/open-anki-jlpt-decks,,
expression,N4,vocabulary,,食料品,しょくりょうひん,"foodstuff, groceries",noun,,,,食料品を買います。,しょくりょうひんをかいます。,I buy groceries.,JLPT N4 Vocabulary List,https://github.com/jamsinclair/open-anki-jlpt-decks,,
expression,N4,vocabulary,,森,もり,forest,noun,,,,森を歩きます。,もりをあるきます。,I walk through the forest.,JLPT N4 Vocabulary List,https://github.com/jamsinclair/open-anki-jlpt-decks,,
expression,N4,vocabulary,,以内,いない,"within, less (no more) than",noun,,,,一時間以内に来てください。,いちじかんいないにきてください。,Please come within one hour.,JLPT N4 Vocabulary List,https://github.com/jamsinclair/open-anki-jlpt-decks,,
expression,N4,vocabulary,,予定,よてい,"plans, arrangement, schedule",noun,,,,明日の予定を教えてください。,あしたのよていをおしえてください。,Please tell me tomorrow's schedule.,JLPT N4 Vocabulary List,https://github.com/jamsinclair/open-anki-jlpt-decks,,
expression,N4,vocabulary,,オーバー,オーバー,"overcoat; over, exceeding, exaggeration",noun,,,,オーバーを着ます。,オーバーをきます。,I wear an overcoat.,JLPT N4 Vocabulary List,https://github.com/jamsinclair/open-anki-jlpt-decks,,
expression,N4,vocabulary,,乾く,かわく,to get dry,verb,godan,intransitive,,洗濯物が乾きました。,せんたくものがかわきました。,The laundry dried.,JLPT N4 Vocabulary List,https://github.com/jamsinclair/open-anki-jlpt-decks,,
expression,N4,vocabulary,,石,いし,stone,noun,,,,石を拾いました。,いしをひろいました。,I picked up a stone.,JLPT N4 Vocabulary List,https://github.com/jamsinclair/open-anki-jlpt-decks,,
expression,N4,vocabulary,,思い出す,おもいだす,"to recall, to remember",verb,godan,transitive,,名前を思い出しました。,なまえをおもいだしました。,I remembered the name.,JLPT N4 Vocabulary List,https://github.com/jamsinclair/open-anki-jlpt-decks,,
expression,N4,vocabulary,,踊る,おどる,to dance,verb,godan,intransitive,,パーティーで踊ります。,パーティーでおどります。,I dance at the party.,JLPT N4 Vocabulary List,https://github.com/jamsinclair/open-anki-jlpt-decks,,
expression,N4,vocabulary,,細かい,こまかい,"small; fine, minute",i-adjective,,,,細かいお金がありません。,こまかいおかねがありません。,I don't have small change.,JLPT N4 Vocabulary List,https://github.com/jamsinclair/open-anki-jlpt-decks,,
expression,N4,vocabulary,,塗る,ぬる,"to paint, to plaster",verb,godan,transitive,,壁にペンキを塗ります。,かべにペンキをぬります。,I paint the wall.,JLPT N4 Vocabulary List,https://github.com/jamsinclair/open-anki-jlpt-decks,,
expression,N4,vocabulary,,ご主人,ごしゅじん,"(your, her) husband",noun,,,,ご主人はお元気ですか。,ごしゅじんはおげんきですか。,Is your husband well?,JLPT N4 Vocabulary List,https://github.com/jamsinclair/open-anki-jlpt-decks,,
expression,N4,vocabulary,,珍しい,めずらしい,"unusual, rare",i-adjective,,,,これは珍しい花です。,これはめずらしいはなです。,This is a rare flower.,JLPT N4 Vocabulary List,https://github.com/jamsinclair/open-anki-jlpt-decks,,
expression,N4,vocabulary,,用,よう,"errand, task, business (to take care of)",noun,,,,今日は用があります。,きょうはようがあります。,I have something to do today.,JLPT N4 Vocabulary List,https://github.com/jamsinclair/open-anki-jlpt-decks,,
expression,N4,vocabulary,,公務員,こうむいん,"government worker, public servant",noun,,,,彼は公務員です。,かれはこうむいんです。,He is a government worker.,JLPT N4 Vocabulary List,https://github.com/jamsinclair/open-anki-jlpt-decks,,
expression,N4,vocabulary,,お嬢さん,おじょうさん,(someone's) daughter (polite),noun,,,,お嬢さんはおいくつですか。,おじょうさんはおいくつですか。,How old is your daughter?,JLPT N4 Vocabulary List,https://github.com/jamsinclair/open-anki-jlpt-decks,,
expression,N4,vocabulary,,用意,ようい,preparation,noun,,,,夕食の用意をします。,ゆうしょくのよういをします。,I prepare dinner.,JLPT N4 Vocabulary List,https://github.com/jamsinclair/open-anki-jlpt-decks,,
expression,N4,vocabulary,,探す,さがす,"to search, to seek, to look for",verb,godan,transitive,,鍵を探しています。,かぎをさがしています。,I am looking for my key.,JLPT N4 Vocabulary List,https://github.com/jamsinclair/open-anki-jlpt-decks,,
expression,N4,vocabulary,,形,かたち,shape,noun,,,,この箱は星の形です。,このはこはほしのかたちです。,This box is star-shaped.,JLPT N4 Vocabulary List,https://github.com/jamsinclair/open-anki-jlpt-decks,,
expression,N4,vocabulary,,運転,うんてんする,driving,noun,,,,車を運転します。,くるまをうんてんします。,I drive a car.,JLPT N4 Vocabulary List,https://github.com/jamsinclair/open-anki-jlpt-decks,,
expression,N4,vocabulary,,すっかり,すっかり,"all, completely",adverb,,,,すっかり忘れました。,すっかりわすれました。,I completely forgot.,JLPT N4 Vocabulary List,https://github.com/jamsinclair/open-anki-jlpt-decks,,
expression,N4,vocabulary,,アナウンサー,アナウンサー,announcer,noun,,,,彼女はアナウンサーです。,かのじょはアナウンサーです。,She is an announcer.,JLPT N4 Vocabulary List,https://github.com/jamsinclair/open-anki-jlpt-decks,,
expression,N4,vocabulary,,お土産,おみやげ,souvenir,noun,,,,お土産を買いました。,おみやげをかいました。,I bought a souvenir.,JLPT N4 Vocabulary List,https://github.com/jamsinclair/open-anki-jlpt-decks,,
expression,N4,vocabulary,,消しゴム,けしゴム,eraser,noun,,,,消しゴムを貸してください。,けしゴムをかしてください。,Please lend me an eraser.,JLPT N4 Vocabulary List,https://github.com/jamsinclair/open-anki-jlpt-decks,,
expression,N4,vocabulary,,旅館,りょかん,a Japanese inn,noun,,,,旅館に泊まります。,りょかんにとまります。,I stay at a Japanese inn.,JLPT N4 Vocabulary List,https://github.com/jamsinclair/open-anki-jlpt-decks,,
expression,N4,vocabulary,,海岸,かいがん,"coast, seashore",noun,,,,海岸を散歩します。,かいがんをさんぽします。,I walk along the coast.,JLPT N4 Vocabulary List,https://github.com/jamsinclair/open-anki-jlpt-decks,,
expression,N4,vocabulary,,寂しい,さびしい,"lonely, lonesome",i-adjective,,,,一人で寂しいです。,ひとりでさびしいです。,I am lonely by myself.,JLPT N4 Vocabulary List,https://github.com/jamsinclair/open-anki-jlpt-decks,,
expression,N4,vocabulary,,火,ひ,fire,noun,,,,火をつけます。,ひをつけます。,I light a fire.,JLPT N4 Vocabulary List,https://github.com/jamsinclair/open-anki-jlpt-decks,,
expression,N4,vocabulary,,育てる,そだてる,to raise (v.t.); to bring up,verb,ichidan,transitive,,子供を育てます。,こどもをそだてます。,I raise children.,JLPT N4 Vocabulary List,https://github.com/jamsinclair/open-anki-jlpt-decks,,
expression,N4,vocabulary,,味噌,みそ,"miso, bean paste",noun,,,,味噌汁を飲みます。,みそしるをのみます。,I drink miso soup.,JLPT N4 Vocabulary List,https://github.com/jamsinclair/open-anki-jlpt-decks,,
expression,N4,vocabulary,,お祝い,おいわい,"congratulation, celebration",noun,,,,お祝いを言います。,おいわいをいいます。,I offer my congratulations.,JLPT N4 Vocabulary List,https://github.com/jamsinclair/open-anki-jlpt-decks,,
expression,N4,vocabulary,,乗り物,のりもの,vehicle,noun,,,,乗り物が好きです。,のりものがすきです。,I like vehicles.,JLPT N4 Vocabulary List,https://github.com/jamsinclair/open-anki-jlpt-decks,,
expression,N4,vocabulary,,案内,あんないする,"information, guidance",noun,,,,駅まで案内します。,えきまであんないします。,I will guide you to the station.,JLPT N4 Vocabulary List,https://github.com/jamsinclair/open-anki-jlpt-decks,,
expression,N4,vocabulary,,通う,かよう,to go back and forth; to commute,verb,godan,intransitive,,学校に通っています。,がっこうにかよっています。,I commute to school.,JLPT N4 Vocabulary List,https://github.com/jamsinclair/open-anki-jlpt-decks,,
expression,N4,vocabulary,,連れる,つれる,"to lead, to take (a person)",verb,ichidan,transitive,,子供を連れて行きます。,こどもをつれていきます。,I take my child with me.,JLPT N4 Vocabulary List,https://github.com/jamsinclair/open-anki-jlpt-decks,,
expression,N4,vocabulary,,技術,ぎじゅつ,"technique, technology, skill",noun,,,,技術を学びます。,ぎじゅつをまなびます。,I learn a skill.,JLPT N4 Vocabulary List,https://github.com/jamsinclair/open-anki-jlpt-decks,,
expression,N4,vocabulary,,小鳥,ことり,small bird,noun,,,,小鳥が鳴いています。,ことりがないています。,A small bird is chirping.,JLPT N4 Vocabulary List,https://github.com/jamsinclair/open-anki-jlpt-decks,,
expression,N4,vocabulary,,下宿,げしゅく,"lodging, boarding house",noun,,,,下宿に住んでいます。,げしゅくにすんでいます。,I live in a boarding house.,JLPT N4 Vocabulary List,https://github.com/jamsinclair/open-anki-jlpt-decks,,
expression,N4,vocabulary,,ジャム,ジャム,jam,noun,,,,パンにジャムを塗ります。,パンにジャムをぬります。,I spread jam on bread.,JLPT N4 Vocabulary List,https://github.com/jamsinclair/open-anki-jlpt-decks,,
expression,N4,vocabulary,,招待,しょうたいする,invitation,noun,,,,パーティーに招待します。,パーティーにしょうたいします。,I invite you to the party.,JLPT N4 Vocabulary List,https://github.com/jamsinclair/open-anki-jlpt-decks,,
expression,N4,vocabulary,,鏡,かがみ,mirror,noun,,,,鏡を見ます。,かがみをみます。,I look in the mirror.,JLPT N4 Vocabulary List,https://github.com/jamsinclair/open-anki-jlpt-decks,,
expression,N4,vocabulary,,はず,はず,it should be so,noun,,,,彼は来るはずです。,かれはくるはずです。,He should be coming.,JLPT N4 Vocabulary List,https://github.com/jamsinclair/open-anki-jlpt-decks,,
expression,N4,vocabulary,,法律,ほうりつ,law,noun,,,,法律を守ります。,ほうりつをまもります。,I obey the law.,JLPT N4 Vocabulary List,https://github.com/jamsinclair/open-anki-jlpt-decks,,
expression,N4,vocabulary,,進む,すすむ,"to advance, to proceed",verb,godan,intransitive,,計画が進みます。,けいかくがすすみます。,The plan is progressing.,JLPT N4 Vocabulary List,https://github.com/jamsinclair/open-anki-jlpt-decks,,
expression,N4,vocabulary,,楽む,たのしむ,to enjoy,verb,godan,transitive,,旅行を楽しみます。,りょこうをたのしみます。,I enjoy the trip.,JLPT N4 Vocabulary List,https://github.com/jamsinclair/open-anki-jlpt-decks,,
expression,N4,vocabulary,,貿易,ぼうえき,trade,noun,,,,貿易の仕事をしています。,ぼうえきのしごとをしています。,I work in trade.,JLPT N4 Vocabulary List,https://github.com/jamsinclair/open-anki-jlpt-decks,,
expression,N4,vocabulary,,反対,はんたい,"oppose, opposition, resistance",noun,,,,その意見に反対です。,そのいけんにはんたいです。,I am opposed to that opinion.,JLPT N4 Vocabulary List,https://github.com/jamsinclair/open-anki-jlpt-decks,,
expression,N4,vocabulary,,おる,おる,-- extra-modest expression for いる --,verb,godan,intransitive,,私は東京におります。,わたしはとうきょうにおります。,I am in Tokyo.,JLPT N4 Vocabulary List,https://github.com/jamsinclair/open-anki-jlpt-decks,,
expression,N4,vocabulary,,申す,もうす,-- extra-modest (humble) expression for 言う (いう) --,verb,godan,transitive,,田中と申します。,たなかともうします。,My name is Tanaka.,JLPT N4 Vocabulary List,https://github.com/jamsinclair/open-anki-jlpt-decks,,
expression,N4,vocabulary,,試験,しけん,an exam,noun,,,,試験があります。,しけんがあります。,There is an exam.,JLPT N4 Vocabulary List,https://github.com/jamsinclair/open-anki-jlpt-decks,,
expression,N4,vocabulary,,真面目,まじめ,"diligent, serious",na-adjective,,,,彼は真面目です。,かれはまじめです。,He is serious.,JLPT N4 Vocabulary List,https://github.com/jamsinclair/open-anki-jlpt-decks,,
expression,N4,vocabulary,,ごらんになる,ごらんになる,-- honorific expression for みる --,verb,godan,transitive,,どうぞごらんになってください。,どうぞごらんになってください。,Please take a look.,JLPT N4 Vocabulary List,https://github.com/jamsinclair/open-anki-jlpt-decks,,
expression,N4,vocabulary,,店員,てんいん,clerk; shop-employee,noun,,,,店員に聞きます。,てんいんにききます。,I ask the shop clerk.,JLPT N4 Vocabulary List,https://github.com/jamsinclair/open-anki-jlpt-decks,,
expression,N4,vocabulary,,泊まる,とまる,to stay (over night) (v.i.),verb,godan,intransitive,,ホテルに泊まります。,ホテルにとまります。,I stay at a hotel.,JLPT N4 Vocabulary List,https://github.com/jamsinclair/open-anki-jlpt-decks,,
expression,N4,vocabulary,,よろしい,よろしい,"(hon.) good, OK, all right",i-adjective,,,,それでよろしいですか。,それでよろしいですか。,Is that all right?,JLPT N4 Vocabulary List,https://github.com/jamsinclair/open-anki-jlpt-decks,,
expression,N4,vocabulary,,今夜,こんや,"this evening, tonight",noun,,,,今夜、電話します。,こんや、でんわします。,I will call tonight.,JLPT N4 Vocabulary List,https://github.com/jamsinclair/open-anki-jlpt-decks,,
expression,N4,vocabulary,,おつり,おつり,change; balance of money returned to the purchaser,noun,,,,おつりをください。,おつりをください。,Please give me the change.,JLPT N4 Vocabulary List,https://github.com/jamsinclair/open-anki-jlpt-decks,,
expression,N4,vocabulary,,チェックする,チェックする,check,verb,irregular,transitive,,荷物をチェックします。,にもつをチェックします。,I check the luggage.,JLPT N4 Vocabulary List,https://github.com/jamsinclair/open-anki-jlpt-decks,,
expression,N4,vocabulary,,会話,かいわ,conversation,noun,,,,英語で会話します。,えいごでかいわします。,I converse in English.,JLPT N4 Vocabulary List,https://github.com/jamsinclair/open-anki-jlpt-decks,,
expression,N4,vocabulary,,空気,くうき,"air, atmosphere",noun,,,,空気がきれいです。,くうきがきれいです。,The air is clean.,JLPT N4 Vocabulary List,https://github.com/jamsinclair/open-anki-jlpt-decks,,
expression,N4,vocabulary,,交通,こうつう,"traffic, transportation",noun,,,,交通が便利です。,こうつうがべんりです。,The transportation is convenient.,JLPT N4 Vocabulary List,https://github.com/jamsinclair/open-anki-jlpt-decks,,
expression,N4,vocabulary,,ワープロ,ワープロ,word processor,noun,,,,ワープロで書きます。,ワープロでかきます。,I write with a word processor.,JLPT N4 Vocabulary List,https://github.com/jamsinclair/open-anki-jlpt-decks,,
expression,N4,vocabulary,,喜ぶ,よろこぶ,"to rejoice, to be delighted, to be glad",verb,godan,intransitive,,彼は喜びました。,かれはよろこびました。,He was delighted.,JLPT N4 Vocabulary List,https://github.com/jamsinclair/open-anki-jlpt-decks,,
expression,N4,vocabulary,,急行,きゅうこう,express train or bus,noun,,,,急行に乗ります。,きゅうこうにのります。,I take the express train.,JLPT N4 Vocabulary List,https://github.com/jamsinclair/open-anki-jlpt-decks,,
expression,N4,vocabulary,,皆,みな,everyone,noun,,,,皆が集まりました。,みながあつまりました。,Everyone gathered.,JLPT N4 Vocabulary List,https://github.com/jamsinclair/open-anki-jlpt-decks,,
expression,N4,vocabulary,,味,あじ,"flavor, taste",noun,,,,この料理は味がいいです。,このりょうりはあじがいいです。,This dish tastes good.,JLPT N4 Vocabulary List,https://github.com/jamsinclair/open-anki-jlpt-decks,,
expression,N4,vocabulary,,空港,くうこう,airport,noun,,,,空港へ行きます。,くうこうへいきます。,I go to the airport.,JLPT N4 Vocabulary List,https://github.com/jamsinclair/open-anki-jlpt-decks,,
expression,N4,vocabulary,,手袋,てぶくろ,glove(s),noun,,,,手袋をはめます。,てぶくろをはめます。,I put on gloves.,JLPT N4 Vocabulary List,https://github.com/jamsinclair/open-anki-jlpt-decks,,
expression,N4,vocabulary,,校長,こうちょう,"principal, headmaster",noun,,,,校長先生に会いました。,こうちょうせんせいにあいました。,I met the principal.,JLPT N4 Vocabulary List,https://github.com/jamsinclair/open-anki-jlpt-decks,,
expression,N4,vocabulary,,ごちそう,ごちそう,"feast, treating (someone)",noun,,,,ごちそうを食べました。,ごちそうをたべました。,I ate a feast.,JLPT N4 Vocabulary List,https://github.com/jamsinclair/open-anki-jlpt-decks,,
expression,N4,vocabulary,,踊り,おどり,dance,noun,,,,踊りを習っています。,おどりをならっています。,I am learning a dance.,JLPT N4 Vocabulary List,https://github.com/jamsinclair/open-anki-jlpt-decks,,
expression,N4,vocabulary,,興味,きょうみ,interest (in something),noun,,,,音楽に興味があります。,おんがくにきょうみがあります。,I am interested in music.,JLPT N4 Vocabulary List,https://github.com/jamsinclair/open-anki-jlpt-decks,,
expression,N4,vocabulary,,引っ越す,ひっこす,to move to a new place of residence,verb,godan,intransitive,,来月、引っ越します。,らいげつ、ひっこします。,I will move next month.,JLPT N4 Vocabulary List,https://github.com/jamsinclair/open-anki-jlpt-decks,,
expression,N4,vocabulary,,冷房,れいぼう,"cooling, air conditioning",noun,,,,冷房をつけます。,れいぼうをつけます。,I turn on the air conditioning.,JLPT N4 Vocabulary List,https://github.com/jamsinclair/open-anki-jlpt-decks,,
expression,N4,vocabulary,,都合,つごう,"circumstances, convenience",noun,,,,都合が悪いです。,つごうがわるいです。,It's inconvenient for me.,JLPT N4 Vocabulary List,https://github.com/jamsinclair/open-anki-jlpt-decks,,
expression,N4,vocabulary,,遠慮,えんりょする,"restraint, reserve, hesitate",noun,,,,遠慮しないでください。,えんりょしないでください。,Please don't hold back.,JLPT N4 Vocabulary List,https://github.com/jamsinclair/open-anki-jlpt-decks,,
expression,N4,vocabulary,,亡くなる,なくなる,to pass away,verb,godan,intransitive,,祖父が亡くなりました。,そふがなくなりました。,My grandfather passed away.,JLPT N4 Vocabulary List,https://github.com/jamsinclair/open-anki-jlpt-decks,,
expression,N4,vocabulary,,科学,かがく,science,noun,,,,科学を勉強します。,かがくをべんきょうします。,I study science.,JLPT N4 Vocabulary List,https://github.com/jamsinclair/open-anki-jlpt-decks,,
expression,N4,vocabulary,,はっきり,はっきり,"clearly, distinctly",adverb,,,,はっきり言ってください。,はっきりいってください。,Please say it clearly.,JLPT N4 Vocabulary List,https://github.com/jamsinclair/open-anki-jlpt-decks,,
expression,N4,vocabulary,,差し上げる,さしあげる,-- humble expression for あげる --,verb,ichidan,transitive,,プレゼントを差し上げます。,プレゼントをさしあげます。,I give you a present.,JLPT N4 Vocabulary List,https://github.com/jamsinclair/open-anki-jlpt-decks,,
expression,N4,vocabulary,,気持ち,きもち,"feeling, sensation, mood",noun,,,,気持ちがいいです。,きもちがいいです。,It feels good.,JLPT N4 Vocabulary List,https://github.com/jamsinclair/open-anki-jlpt-decks,,
expression,N4,vocabulary,,祖父,そふ,grandfather,noun,,,,祖父は元気です。,そふはげんきです。,My grandfather is well.,JLPT N4 Vocabulary List,https://github.com/jamsinclair/open-anki-jlpt-decks,,
expression,N4,vocabulary,,港,みなと,"harbor, port",noun,,,,港に船があります。,みなとにふねがあります。,There is a ship in the harbor.,JLPT N4 Vocabulary List,https://github.com/jamsinclair/open-anki-jlpt-decks,,
expression,N4,vocabulary,,予約,よやく,reservation,noun,,,,レストランを予約します。,レストランをよやくします。,I make a reservation at the restaurant.,JLPT N4 Vocabulary List,https://github.com/jamsinclair/open-anki-jlpt-decks,,
expression,N4,vocabulary,,凄い,すごい,"terrific, great",i-adjective,,,,凄い雨ですね。,すごいあめですね。,"It's incredible rain, isn't it.",JLPT N4 Vocabulary List,https://github.com/jamsinclair/open-anki-jlpt-decks,,
expression,N4,vocabulary,,入学,にゅうがくする,entry to school or university,noun,,,,大学に入学します。,だいがくににゅうがくします。,I enter university.,JLPT N4 Vocabulary List,https://github.com/jamsinclair/open-anki-jlpt-decks,,
expression,N4,vocabulary,,片付ける,かたづける,"to (clean) tidy up (v.t.), to put away",verb,ichidan,transitive,,部屋を片付けます。,へやをかたづけます。,I tidy up the room.,JLPT N4 Vocabulary List,https://github.com/jamsinclair/open-anki-jlpt-decks,,
expression,N4,vocabulary,,写す,うつす,to copy (v.t.); to photograph,verb,godan,transitive,,ノートを写します。,ノートをうつします。,I copy the notebook.,JLPT N4 Vocabulary List,https://github.com/jamsinclair/open-anki-jlpt-decks,,
expression,N4,vocabulary,,パソコン,パソコン,(personal) computer,noun,,,,パソコンを使います。,パソコンをつかいます。,I use a computer.,JLPT N4 Vocabulary List,https://github.com/jamsinclair/open-anki-jlpt-decks,,
expression,N4,vocabulary,,部長,ぶちょう,department (division) manager,noun,,,,部長に報告します。,ぶちょうにほうこくします。,I report to the department manager.,JLPT N4 Vocabulary List,https://github.com/jamsinclair/open-anki-jlpt-decks,,
expression,N4,vocabulary,,火事,かじ,fire,noun,,,,火事がありました。,かじがありました。,There was a fire.,JLPT N4 Vocabulary List,https://github.com/jamsinclair/open-anki-jlpt-decks,,
expression,N4,vocabulary,,足す,たす,to add (numbers),verb,godan,transitive,,二に三を足します。,にさんをたします。,I add three to two.,JLPT N4 Vocabulary List,https://github.com/jamsinclair/open-anki-jlpt-decks,,
expression,N4,vocabulary,,教会,きょうかい,church,noun,,,,教会へ行きます。,きょうかいへいきます。,I go to church.,JLPT N4 Vocabulary List,https://github.com/jamsinclair/open-anki-jlpt-decks,,
expression,N4,vocabulary,,彼ら,かれら,they (usually male),pronoun,,,,彼らは友達です。,かれらはともだちです。,They are friends.,JLPT N4 Vocabulary List,https://github.com/jamsinclair/open-anki-jlpt-decks,,
expression,N4,vocabulary,,一杯,いっぱい,"full, to the utmost",adverb,,,,お腹が一杯です。,おなかがいっぱいです。,I am full.,JLPT N4 Vocabulary List,https://github.com/jamsinclair/open-anki-jlpt-decks,,
expression,N4,vocabulary,,アメリカ,アメリカ,"America, U.S.A.",noun,,,,アメリカへ行きます。,アメリカへいきます。,I go to America.,JLPT N4 Vocabulary List,https://github.com/jamsinclair/open-anki-jlpt-decks,,
expression,N4,vocabulary,,男性,だんせい,man; male,noun,,,,あの男性は誰ですか。,あのだんせいはだれですか。,Who is that man?,JLPT N4 Vocabulary List,https://github.com/jamsinclair/open-anki-jlpt-decks,,
expression,N4,vocabulary,,理由,りゆう,reason,noun,,,,理由を説明します。,りゆうをせつめいします。,I explain the reason.,JLPT N4 Vocabulary List,https://github.com/jamsinclair/open-anki-jlpt-decks,,
expression,N4,vocabulary,,生産,せいさんする,production; to produce,noun,,,,車を生産します。,くるまをせいさんします。,We produce cars.,JLPT N4 Vocabulary List,https://github.com/jamsinclair/open-anki-jlpt-decks,,
expression,N4,vocabulary,,着物,きもの,kimono; Japanese traditional dress,noun,,,,着物を着ます。,きものをきます。,I wear a kimono.,JLPT N4 Vocabulary List,https://github.com/jamsinclair/open-anki-jlpt-decks,,
expression,N4,vocabulary,,おもちゃ,おもちゃ,a toy,noun,,,,おもちゃで遊びます。,おもちゃであそびます。,I play with toys.,JLPT N4 Vocabulary List,https://github.com/jamsinclair/open-anki-jlpt-decks,,
expression,N4,vocabulary,,暮れる,くれる,"to get dark, to come to an end",verb,ichidan,intransitive,,日が暮れました。,ひがくれました。,The sun set.,JLPT N4 Vocabulary List,https://github.com/jamsinclair/open-anki-jlpt-decks,,
expression,N4,vocabulary,,釣る,つる,to fish,verb,godan,transitive,,魚を釣ります。,さかなをつります。,I fish.,JLPT N4 Vocabulary List,https://github.com/jamsinclair/open-anki-jlpt-decks,,
expression,N4,vocabulary,,～ちゃん,～ちゃん,suffix for familiar (female) person,suffix,,,,太郎ちゃん、おいで。,たろうちゃん、おいで。,"Taro-chan, come here.",JLPT N4 Vocabulary List,https://github.com/jamsinclair/open-anki-jlpt-decks,,
expression,N4,vocabulary,,打つ,うつ,"to hit, to strike",verb,godan,transitive,,釘を打ちます。,くぎをうちます。,I hammer a nail.,JLPT N4 Vocabulary List,https://github.com/jamsinclair/open-anki-jlpt-decks,,
expression,N4,vocabulary,,あんな,あんな,"such, like that",determiner,,,,あんな人は嫌いです。,あんなひとはきらいです。,I dislike that kind of person.,JLPT N4 Vocabulary List,https://github.com/jamsinclair/open-anki-jlpt-decks,,
expression,N4,vocabulary,,謝る,あやまる,to apologize,verb,godan,intransitive,,友達に謝りました。,ともだちにあやまりました。,I apologized to my friend.,JLPT N4 Vocabulary List,https://github.com/jamsinclair/open-anki-jlpt-decks,,
expression,N4,vocabulary,,昼間,ひるま,"daytime, during the day",noun,,,,昼間は暑いです。,ひるまはあついです。,It's hot during the daytime.,JLPT N4 Vocabulary List,https://github.com/jamsinclair/open-anki-jlpt-decks,,
expression,N4,vocabulary,,教育,きょういく,education,noun,,,,教育を受けます。,きょういくをうけます。,I receive an education.,JLPT N4 Vocabulary List,https://github.com/jamsinclair/open-anki-jlpt-decks,,
expression,N4,vocabulary,,女性,じょせい,woman,noun,,,,あの女性は先生です。,あのじょせいはせんせいです。,That woman is a teacher.,JLPT N4 Vocabulary List,https://github.com/jamsinclair/open-anki-jlpt-decks,,
expression,N4,vocabulary,,米,こめ,uncooked rice,noun,,,,米を炊きます。,こめをたきます。,I cook rice.,JLPT N4 Vocabulary List,https://github.com/jamsinclair/open-anki-jlpt-decks,,
expression,N4,vocabulary,,邪魔,じゃま,"hindrance, intrusion",na-adjective,,,,邪魔しないでください。,じゃましないでください。,Please don't get in the way.,JLPT N4 Vocabulary List,https://github.com/jamsinclair/open-anki-jlpt-decks,,
expression,N4,vocabulary,,国際,こくさい,international,noun,,,,国際会議に出ます。,こくさいかいぎにでます。,I attend an international conference.,JLPT N4 Vocabulary List,https://github.com/jamsinclair/open-anki-jlpt-decks,,
expression,N4,vocabulary,,隅,すみ,corner,noun,,,,部屋の隅にいます。,へやのすみにいます。,I am in the corner of the room.,JLPT N4 Vocabulary List,https://github.com/jamsinclair/open-anki-jlpt-decks,,
expression,N4,vocabulary,,伺う,うかがう,"humble form of 行く (いく), 聞く (きく) and 来る (くる)",verb,godan,transitive,,明日、伺います。,あした、うかがいます。,I will visit tomorrow.,JLPT N4 Vocabulary List,https://github.com/jamsinclair/open-anki-jlpt-decks,,
expression,N4,vocabulary,,再来週,さらいしゅう,the week after next,noun,,,,再来週、会いましょう。,さらいしゅう、あいましょう。,Let's meet the week after next.,JLPT N4 Vocabulary List,https://github.com/jamsinclair/open-anki-jlpt-decks,,
expression,N4,vocabulary,,夢,ゆめ,a dream,noun,,,,夢を見ました。,ゆめをみました。,I had a dream.,JLPT N4 Vocabulary List,https://github.com/jamsinclair/open-anki-jlpt-decks,,
expression,N4,vocabulary,,喉,のど,throat,noun,,,,喉が痛いです。,のどがいたいです。,My throat hurts.,JLPT N4 Vocabulary List,https://github.com/jamsinclair/open-anki-jlpt-decks,,
expression,N4,vocabulary,,最近,さいきん,"recently, nowadays, in recent years, most recent, latest",adverb,,,,最近、忙しいです。,さいきん、いそがしいです。,I've been busy recently.,JLPT N4 Vocabulary List,https://github.com/jamsinclair/open-anki-jlpt-decks,,
expression,N4,vocabulary,,周り,まわり,surroundings,noun,,,,家の周りを歩きます。,いえのまわりをあるきます。,I walk around the house.,JLPT N4 Vocabulary List,https://github.com/jamsinclair/open-anki-jlpt-decks,,
expression,N4,vocabulary,,歴史,れきし,history,noun,,,,日本の歴史を勉強します。,にほんのれきしをべんきょうします。,I study Japanese history.,JLPT N4 Vocabulary List,https://github.com/jamsinclair/open-anki-jlpt-decks,,
expression,N4,vocabulary,,不便,ふべん,inconvenience,na-adjective,,,,この場所は不便です。,このばしょはふべんです。,This place is inconvenient.,JLPT N4 Vocabulary List,https://github.com/jamsinclair/open-anki-jlpt-decks,,
expression,N4,vocabulary,,血,ち,blood,noun,,,,血が出ています。,ちがでています。,Blood is coming out.,JLPT N4 Vocabulary List,https://github.com/jamsinclair/open-anki-jlpt-decks,,
expression,N4,vocabulary,,～続ける,～つづける,to continue doing ~,verb,ichidan,transitive,,勉強を続けます。,べんきょうをつづけます。,I continue studying.,JLPT N4 Vocabulary List,https://github.com/jamsinclair/open-anki-jlpt-decks,,
expression,N4,vocabulary,,毛,け,"hair, fur",noun,,,,猫の毛が抜けます。,ねこのけがぬけます。,The cat's fur falls out.,JLPT N4 Vocabulary List,https://github.com/jamsinclair/open-anki-jlpt-decks,,
expression,N4,vocabulary,,ひどい,ひどい,"terrible, awful, unfair, cruel",i-adjective,,,,ひどい天気です。,ひどいてんきです。,It's terrible weather.,JLPT N4 Vocabulary List,https://github.com/jamsinclair/open-anki-jlpt-decks,,
expression,N4,vocabulary,,例えば,たとえば,"for example, e.g.",adverb,,,,例えば、りんごやみかんです。,たとえば、りんごやみかんです。,"For example, apples and oranges.",JLPT N4 Vocabulary List,https://github.com/jamsinclair/open-anki-jlpt-decks,,
expression,N4,vocabulary,,中々,なかなか,"very, considerably, quite",adverb,,,,中々難しいです。,なかなかむずかしいです。,It's quite difficult.,JLPT N4 Vocabulary List,https://github.com/jamsinclair/open-anki-jlpt-decks,,
expression,N4,vocabulary,,随分,ずいぶん,extremely,adverb,,,,随分暑いですね。,ずいぶんあついですね。,"It's extremely hot, isn't it.",JLPT N4 Vocabulary List,https://github.com/jamsinclair/open-anki-jlpt-decks,,
expression,N4,vocabulary,,～やすい,～やすい,easy to do ~,suffix,,,,この本は読みやすいです。,このほんはよみやすいです。,This book is easy to read.,JLPT N4 Vocabulary List,https://github.com/jamsinclair/open-anki-jlpt-decks,,
expression,N4,vocabulary,,押し入れ,おしいれ,closet,noun,,,,押し入れに布団をしまいます。,おしいれにふとんをしまいます。,I put the futon away in the closet.,JLPT N4 Vocabulary List,https://github.com/jamsinclair/open-anki-jlpt-decks,,
expression,N4,vocabulary,,電灯,でんとう,electric light,noun,,,,電灯をつけます。,でんとうをつけます。,I turn on the electric light.,JLPT N4 Vocabulary List,https://github.com/jamsinclair/open-anki-jlpt-decks,,
expression,N4,vocabulary,,叱る,しかる,to scold,verb,godan,transitive,,子供を叱ります。,こどもをしかります。,I scold my child.,JLPT N4 Vocabulary List,https://github.com/jamsinclair/open-anki-jlpt-decks,,
expression,N4,vocabulary,,サンダル,サンダル,sandal,noun,,,,サンダルを履きます。,サンダルをはきます。,I wear sandals.,JLPT N4 Vocabulary List,https://github.com/jamsinclair/open-anki-jlpt-decks,,
expression,N4,vocabulary,,びっくりする,びっくりする,to be surprised,verb,irregular,intransitive,,びっくりしました。,びっくりしました。,I was surprised.,JLPT N4 Vocabulary List,https://github.com/jamsinclair/open-anki-jlpt-decks,,
expression,N4,vocabulary,,うまい,うまい,delicious; skillful; fortunate,i-adjective,,,,この料理はうまいです。,このりょうりはうまいです。,This dish is delicious.,JLPT N4 Vocabulary List,https://github.com/jamsinclair/open-anki-jlpt-decks,,
expression,N4,vocabulary,,変える,かえる,"to change, to alter, to vary",verb,ichidan,transitive,変わる,予定を変えます。,よていをかえます。,I change the plan.,JLPT N4 Vocabulary List,https://github.com/jamsinclair/open-anki-jlpt-decks,,
expression,N4,vocabulary,,講堂,こうどう,auditorium,noun,,,,講堂で式があります。,こうどうでしきがあります。,There is a ceremony in the auditorium.,JLPT N4 Vocabulary List,https://github.com/jamsinclair/open-anki-jlpt-decks,,
expression,N4,vocabulary,,子,こ,child,noun,,,,あの子は元気です。,あのこはげんきです。,That child is well.,JLPT N4 Vocabulary List,https://github.com/jamsinclair/open-anki-jlpt-decks,,
expression,N4,vocabulary,,沸かす,わかす,to boil,verb,godan,transitive,,お湯を沸かします。,おゆをわかします。,I boil water.,JLPT N4 Vocabulary List,https://github.com/jamsinclair/open-anki-jlpt-decks,,
expression,N4,vocabulary,,レジ,レジ,register,noun,,,,レジで払います。,レジではらいます。,I pay at the register.,JLPT N4 Vocabulary List,https://github.com/jamsinclair/open-anki-jlpt-decks,,
expression,N4,vocabulary,,しばらく,しばらく,little while,adverb,,,,しばらくお待ちください。,しばらくおまちください。,Please wait a moment.,JLPT N4 Vocabulary List,https://github.com/jamsinclair/open-anki-jlpt-decks,,
expression,N4,vocabulary,,特に,とくに,particularly,adverb,,,,特に問題ありません。,とくにもんだいありません。,There is no problem in particular.,JLPT N4 Vocabulary List,https://github.com/jamsinclair/open-anki-jlpt-decks,,
expression,N4,vocabulary,,空く,あく,"to open, to become empty (vacant)",verb,godan,intransitive,,席が空きました。,せきがあきました。,A seat became available.,JLPT N4 Vocabulary List,https://github.com/jamsinclair/open-anki-jlpt-decks,,
expression,N4,vocabulary,,計画,けいかくする,"plan, project, schedule",noun,,,,旅行を計画します。,りょこうをけいかくします。,I plan a trip.,JLPT N4 Vocabulary List,https://github.com/jamsinclair/open-anki-jlpt-decks,,
expression,N4,vocabulary,,通り,とおり,"~ Street, ~ Avenue",noun,,,,この通りを歩きます。,このとおりをあるきます。,I walk along this street.,JLPT N4 Vocabulary List,https://github.com/jamsinclair/open-anki-jlpt-decks,,
expression,N4,vocabulary,,下着,したぎ,underwear,noun,,,,下着を買います。,したぎをかいます。,I buy underwear.,JLPT N4 Vocabulary List,https://github.com/jamsinclair/open-anki-jlpt-decks,,
expression,N4,vocabulary,,経済,けいざい,"economics, finance, economy",noun,,,,経済を勉強します。,けいざいをべんきょうします。,I study economics.,JLPT N4 Vocabulary List,https://github.com/jamsinclair/open-anki-jlpt-decks,,
expression,N4,vocabulary,,こう,こう,"like this, this way",adverb,,,,こうしてください。,こうしてください。,Please do it this way.,JLPT N4 Vocabulary List,https://github.com/jamsinclair/open-anki-jlpt-decks,,
expression,N4,vocabulary,,是非,ぜひ,"certainly, by all means; without fail",adverb,,,,是非来てください。,ぜひきてください。,Please do come.,JLPT N4 Vocabulary List,https://github.com/jamsinclair/open-anki-jlpt-decks,,
expression,N4,vocabulary,,裏,うら,"reverse side, back",noun,,,,紙の裏に書きます。,かみのうらにかきます。,I write on the back of the paper.,JLPT N4 Vocabulary List,https://github.com/jamsinclair/open-anki-jlpt-decks,,
expression,N4,vocabulary,,為,ため,"good, advantage, in order to",noun,,,,健康の為に運動します。,けんこうのためにうんどうします。,I exercise for the sake of health.,JLPT N4 Vocabulary List,https://github.com/jamsinclair/open-anki-jlpt-decks,,
expression,N4,vocabulary,,おいでになる,おいでになる,(hon.) to be,verb,godan,intransitive,,先生がおいでになります。,せんせいがおいでになります。,The teacher will be here.,JLPT N4 Vocabulary List,https://github.com/jamsinclair/open-anki-jlpt-decks,,
expression,N4,vocabulary,,変わる,かわる,"to change (v.i.), to be transformed, to vary",verb,godan,intransitive,,天気が変わりました。,てんきがかわりました。,The weather changed.,JLPT N4 Vocabulary List,https://github.com/jamsinclair/open-anki-jlpt-decks,,
expression,N4,vocabulary,,以外,いがい,"other than, with the exception of, excepting",noun,,,,彼以外は来ませんでした。,かれいがいはきませんでした。,No one except him came.,JLPT N4 Vocabulary List,https://github.com/jamsinclair/open-anki-jlpt-decks,,
expression,N4,vocabulary,,済む,すむ,"to finish, to end",verb,godan,intransitive,,仕事が済みました。,しごとがすみました。,The work is finished.,JLPT N4 Vocabulary List,https://github.com/jamsinclair/open-anki-jlpt-decks,,
expression,N4,vocabulary,,ハンバーグ,ハンバーグ,hamburger steak,noun,,,,ハンバーグを食べます。,ハンバーグをたべます。,I eat hamburger steak.,JLPT N4 Vocabulary List,https://github.com/jamsinclair/open-anki-jlpt-decks,,
expression,N4,vocabulary,,市,し,city,noun,,,,この市に住んでいます。,このしにすんでいます。,I live in this city.,JLPT N4 Vocabulary List,https://github.com/jamsinclair/open-anki-jlpt-decks,,
expression,N4,vocabulary,,引き出し,ひきだし,drawer,noun,,,,引き出しに入れます。,ひきだしにいれます。,I put it in the drawer.,JLPT N4 Vocabulary List,https://github.com/jamsinclair/open-anki-jlpt-decks,,
expression,N4,vocabulary,,遊び,あそび,play,noun,,,,遊びに行きます。,あそびにいきます。,I go out to play.,JLPT N4 Vocabulary List,https://github.com/jamsinclair/open-anki-jlpt-decks,,
expression,N4,vocabulary,,支度,したくする,preparation,noun,,,,夕食の支度をします。,ゆうしょくのしたくをします。,I prepare dinner.,JLPT N4 Vocabulary List,https://github.com/jamsinclair/open-anki-jlpt-decks,,
expression,N4,vocabulary,,～始める,～はじめる,to start doing ~,suffix,,,,雨が降り始めました。,あめがふりはじめました。,It started to rain.,JLPT N4 Vocabulary List,https://github.com/jamsinclair/open-anki-jlpt-decks,,
expression,N4,vocabulary,,見える,みえる,to be visible; -- polite verb meaning 来る (くる) --,verb,ichidan,intransitive,,山が見えます。,やまがみえます。,I can see the mountain.,JLPT N4 Vocabulary List,https://github.com/jamsinclair/open-anki-jlpt-decks,,
expression,N4,vocabulary,,十分,じゅうぶん,enough,na-adjective,,,,これで十分です。,これでじゅうぶんです。,This is enough.,JLPT N4 Vocabulary List,https://github.com/jamsinclair/open-anki-jlpt-decks,,
expression,N4,vocabulary,,音,おと,"sound, note",noun,,,,変な音がします。,へんなおとがします。,There is a strange sound.,JLPT N4 Vocabulary List,https://github.com/jamsinclair/open-anki-jlpt-decks,,
expression,N4,vocabulary,,きっと,きっと,"surely, definitely, undoubtedly, certainly",adverb,,,,きっと来ます。,きっときます。,They will surely come.,JLPT N4 Vocabulary List,https://github.com/jamsinclair/open-anki-jlpt-decks,,
expression,N4,vocabulary,,まず,まず,"first (of all), to start with",adverb,,,,まず、手を洗います。,まず、てをあらいます。,"First, I wash my hands.",JLPT N4 Vocabulary List,https://github.com/jamsinclair/open-anki-jlpt-decks,,
expression,N4,vocabulary,,遠く,とおく,"far away, distant",noun,,,,遠くに山が見えます。,とおくにやまがみえます。,I can see a mountain in the distance.,JLPT N4 Vocabulary List,https://github.com/jamsinclair/open-anki-jlpt-decks,,
expression,N4,vocabulary,,大体,だいたい,approximately; in most cases; in general; to begin with (same as もともと),adverb,,,,大体分かりました。,だいたいわかりました。,I understood mostly.,JLPT N4 Vocabulary List,https://github.com/jamsinclair/open-anki-jlpt-decks,,
expression,N4,vocabulary,,折れる,おれる,"to break, to be folded, to give in; to turn (a corner)",verb,ichidan,intransitive,,枝が折れました。,えだがおれました。,The branch broke.,JLPT N4 Vocabulary List,https://github.com/jamsinclair/open-anki-jlpt-decks,,
expression,N4,vocabulary,,正しい,ただしい,correct,i-adjective,,,,答えは正しいです。,こたえはただしいです。,The answer is correct.,JLPT N4 Vocabulary List,https://github.com/jamsinclair/open-anki-jlpt-decks,,
expression,N4,vocabulary,,輸入,ゆにゅう,import,noun,,,,車を輸入します。,くるまをゆにゅうします。,We import cars.,JLPT N4 Vocabulary List,https://github.com/jamsinclair/open-anki-jlpt-decks,,
expression,N4,vocabulary,,返事,へんじ,"reply, answer",noun,,,,返事を書きます。,へんじをかきます。,I write a reply.,JLPT N4 Vocabulary List,https://github.com/jamsinclair/open-anki-jlpt-decks,,
expression,N4,vocabulary,,都,と,metropolitan,noun,,,,東京都に住んでいます。,とうきょうとにすんでいます。,I live in Tokyo Metropolis.,JLPT N4 Vocabulary List,https://github.com/jamsinclair/open-anki-jlpt-decks,,
expression,N4,vocabulary,,産業,さんぎょう,industry,noun,,,,この町の産業は農業です。,このまちのさんぎょうはのうぎょうです。,This town's industry is agriculture.,JLPT N4 Vocabulary List,https://github.com/jamsinclair/open-anki-jlpt-decks,,
expression,N4,vocabulary,,伝える,つたえる,"to convey (a message); to tell, to report",verb,ichidan,transitive,,メッセージを伝えます。,メッセージをつたえます。,I convey the message.,JLPT N4 Vocabulary List,https://github.com/jamsinclair/open-anki-jlpt-decks,,
expression,N4,vocabulary,,お金持ち,かねもち; おかねもち,rich person,noun,,,,彼はお金持ちです。,かれはおかねもちです。,He is rich.,JLPT N4 Vocabulary List,https://github.com/jamsinclair/open-anki-jlpt-decks,,
expression,N4,vocabulary,,説明,せつめい,explanation,noun,,,,説明をします。,せつめいをします。,I give an explanation.,JLPT N4 Vocabulary List,https://github.com/jamsinclair/open-anki-jlpt-decks,,
expression,N4,vocabulary,,島,しま,island,noun,,,,小さい島があります。,ちいさいしまがあります。,There is a small island.,JLPT N4 Vocabulary List,https://github.com/jamsinclair/open-anki-jlpt-decks,,
expression,N4,vocabulary,,道具,どうぐ,tool,noun,,,,道具を使います。,どうぐをつかいます。,I use a tool.,JLPT N4 Vocabulary List,https://github.com/jamsinclair/open-anki-jlpt-decks,,
expression,N4,vocabulary,,滑る,すべる,"to slide, to slip",verb,godan,intransitive,,道が滑ります。,みちがすべります。,The road is slippery.,JLPT N4 Vocabulary List,https://github.com/jamsinclair/open-anki-jlpt-decks,,
expression,N4,vocabulary,,それほど,それほど,to that degree; extent,adverb,,,,それほど難しくないです。,それほどむずかしくないです。,It's not that difficult.,JLPT N4 Vocabulary List,https://github.com/jamsinclair/open-anki-jlpt-decks,,
expression,N4,vocabulary,,以上,いじょう,more than; this is all,noun,,,,二十歳以上です。,はたちいじょうです。,I am twenty or older.,JLPT N4 Vocabulary List,https://github.com/jamsinclair/open-anki-jlpt-decks,,
expression,N4,vocabulary,,～まま,～まま,as it is,suffix,,,,そのままにしてください。,そのままにしてください。,Please leave it as it is.,JLPT N4 Vocabulary List,https://github.com/jamsinclair/open-anki-jlpt-decks,,
expression,N4,vocabulary,,特急,とっきゅう,limited express (train faster than an express),noun,,,,特急に乗ります。,とっきゅうにのります。,I take the limited express.,JLPT N4 Vocabulary List,https://github.com/jamsinclair/open-anki-jlpt-decks,,
expression,N4,vocabulary,,プレゼント,プレゼント,"present, gift",noun,,,,プレゼントをもらいました。,プレゼントをもらいました。,I received a present.,JLPT N4 Vocabulary List,https://github.com/jamsinclair/open-anki-jlpt-decks,,
expression,N4,vocabulary,,～(に) よると,～(に) よると,according to ~,phrase,,,,天気予報によると、明日は雨です。,てんきよほうによると、あしたはあめです。,"According to the weather forecast, it will rain tomorrow.",JLPT N4 Vocabulary List,https://github.com/jamsinclair/open-anki-jlpt-decks,,
expression,N4,vocabulary,,妻,つま,wife (humble),noun,,,,妻は先生です。,つまはせんせいです。,My wife is a teacher.,JLPT N4 Vocabulary List,https://github.com/jamsinclair/open-anki-jlpt-decks,,
expression,N4,vocabulary,,帰り,かえり,"return, coming back",noun,,,,帰りにスーパーに寄ります。,かえりにスーパーによります。,I stop by the supermarket on my way home.,JLPT N4 Vocabulary List,https://github.com/jamsinclair/open-anki-jlpt-decks,,
expression,N4,vocabulary,,具合,ぐあい,"condition, state, health",noun,,,,具合が悪いです。,ぐあいがわるいです。,I don't feel well.,JLPT N4 Vocabulary List,https://github.com/jamsinclair/open-anki-jlpt-decks,,
expression,N4,vocabulary,,堅,かたい,"solid, hard, firm",i-adjective,,,,このパンは固いです。,このパンはかたいです。,This bread is hard.,JLPT N4 Vocabulary List,https://github.com/jamsinclair/open-anki-jlpt-decks,,"Alt. spelling: 硬, 固い"
expression,N4,vocabulary,,硬,かたい,"solid, hard, firm",i-adjective,,,,このパンは固いです。,このパンはかたいです。,This bread is hard.,JLPT N4 Vocabulary List,https://github.com/jamsinclair/open-anki-jlpt-decks,,"Alt. spelling: 堅, 固い"
expression,N4,vocabulary,,固い,かたい,"solid, hard, firm",i-adjective,,,,このパンは固いです。,このパンはかたいです。,This bread is hard.,JLPT N4 Vocabulary List,https://github.com/jamsinclair/open-anki-jlpt-decks,,"Alt. spelling: 堅, 硬"
expression,N4,vocabulary,,駐車場,ちゅうしゃじょう,parking lot,noun,,,,駐車場に車を止めます。,ちゅうしゃじょうにくるまをとめます。,I park the car in the parking lot.,JLPT N4 Vocabulary List,https://github.com/jamsinclair/open-anki-jlpt-decks,,
expression,N4,vocabulary,,スーツ,スーツ,suit,noun,,,,スーツを着ます。,スーツをきます。,I wear a suit.,JLPT N4 Vocabulary List,https://github.com/jamsinclair/open-anki-jlpt-decks,,
expression,N4,vocabulary,,危険,きけん,"danger, risk, hazard",na-adjective,,,,この場所は危険です。,このばしょはきけんです。,This place is dangerous.,JLPT N4 Vocabulary List,https://github.com/jamsinclair/open-anki-jlpt-decks,,
expression,N4,vocabulary,,髪,かみ,hair,noun,,,,髪を切ります。,かみをきります。,I cut my hair.,JLPT N4 Vocabulary List,https://github.com/jamsinclair/open-anki-jlpt-decks,,
expression,N4,vocabulary,,天気予報,てんきよほう,weather forecast,noun,,,,天気予報を見ます。,てんきよほうをみます。,I watch the weather forecast.,JLPT N4 Vocabulary List,https://github.com/jamsinclair/open-anki-jlpt-decks,,
expression,N4,vocabulary,,彼女,かのじょ,girlfriend; she,pronoun,,,,彼女は先生です。,かのじょはせんせいです。,She is a teacher.,JLPT N4 Vocabulary List,https://github.com/jamsinclair/open-anki-jlpt-decks,,
expression,N4,vocabulary,,間,あいだ,"space, interval",noun,,,,木と木の間にいます。,きときのあいだにいます。,I am between the trees.,JLPT N4 Vocabulary List,https://github.com/jamsinclair/open-anki-jlpt-decks,,
expression,N4,vocabulary,,卒業,そつぎょう,graduation,noun,,,,大学を卒業します。,だいがくをそつぎょうします。,I graduate from university.,JLPT N4 Vocabulary List,https://github.com/jamsinclair/open-anki-jlpt-decks,,
expression,N4,vocabulary,,それで,それで,"and (conj.), thereupon, because of that",conjunction,,,,それで、どうしましたか。,それで、どうしましたか。,"So, what happened?",JLPT N4 Vocabulary List,https://github.com/jamsinclair/open-anki-jlpt-decks,,
expression,N4,vocabulary,,枝,えだ,"branch, twig",noun,,,,木の枝を切ります。,きのえだをきります。,I cut the tree branch.,JLPT N4 Vocabulary List,https://github.com/jamsinclair/open-anki-jlpt-decks,,
expression,N4,vocabulary,,専門,せんもん,major; speciality,noun,,,,専門は経済です。,せんもんはけいざいです。,My major is economics.,JLPT N4 Vocabulary List,https://github.com/jamsinclair/open-anki-jlpt-decks,,
expression,N4,vocabulary,,そろそろ,そろそろ,"gradually, soon",adverb,,,,そろそろ行きましょう。,そろそろいきましょう。,Let's go soon.,JLPT N4 Vocabulary List,https://github.com/jamsinclair/open-anki-jlpt-decks,,
expression,N4,vocabulary,,送る,おくる,"to send, to dispatch",verb,godan,transitive,,手紙を送ります。,てがみをおくります。,I send a letter.,JLPT N4 Vocabulary List,https://github.com/jamsinclair/open-anki-jlpt-decks,,
expression,N4,vocabulary,,あげる,あげる,to give,verb,ichidan,transitive,,プレゼントをあげます。,プレゼントをあげます。,I give a present.,JLPT N4 Vocabulary List,https://github.com/jamsinclair/open-anki-jlpt-decks,,
expression,N4,vocabulary,,騒ぐ,さわぐ,"to make noise, to clamor",verb,godan,intransitive,,子供が騒いでいます。,こどもがさわいでいます。,The children are making noise.,JLPT N4 Vocabulary List,https://github.com/jamsinclair/open-anki-jlpt-decks,,
expression,N4,vocabulary,,尋ねる,たずねる,to inquire (same as 質問する),verb,ichidan,transitive,,道を尋ねます。,みちをたずねます。,I ask for directions.,JLPT N4 Vocabulary List,https://github.com/jamsinclair/open-anki-jlpt-decks,,
expression,N4,vocabulary,,放送,ほうそうする,broadcasting,noun,,,,ニュースを放送します。,ニュースをほうそうします。,They broadcast the news.,JLPT N4 Vocabulary List,https://github.com/jamsinclair/open-anki-jlpt-decks,,
expression,N4,vocabulary,,政治,せいじ,politics,noun,,,,政治に興味があります。,せいじにきょうみがあります。,I am interested in politics.,JLPT N4 Vocabulary List,https://github.com/jamsinclair/open-anki-jlpt-decks,,
expression,N4,vocabulary,,市民,しみん,citizen,noun,,,,市民として税金を払います。,しみんとしてぜいきんをはらいます。,"As a citizen, I pay taxes.",JLPT N4 Vocabulary List,https://github.com/jamsinclair/open-anki-jlpt-decks,,
expression,N4,vocabulary,,ファックス,ファックス,fax,noun,,,,ファックスを送ります。,ファックスをおくります。,I send a fax.,JLPT N4 Vocabulary List,https://github.com/jamsinclair/open-anki-jlpt-decks,,
expression,N4,vocabulary,,負ける,まける,"to lose (a game) (v.i.), to be defeated",verb,ichidan,intransitive,,試合に負けました。,しあいにまけました。,I lost the match.,JLPT N4 Vocabulary List,https://github.com/jamsinclair/open-anki-jlpt-decks,,
expression,N4,vocabulary,,指輪,ゆびわ,(finger) ring,noun,,,,指輪をもらいました。,ゆびわをもらいました。,I received a ring.,JLPT N4 Vocabulary List,https://github.com/jamsinclair/open-anki-jlpt-decks,,
expression,N4,vocabulary,,田舎,いなか,"rural, countryside",noun,,,,田舎に住んでいます。,いなかにすんでいます。,I live in the countryside.,JLPT N4 Vocabulary List,https://github.com/jamsinclair/open-anki-jlpt-decks,,
expression,N4,vocabulary,,見つける,みつける,"to discover, to find (v.t.)",verb,ichidan,transitive,,鍵を見つけました。,かぎをみつけました。,I found the key.,JLPT N4 Vocabulary List,https://github.com/jamsinclair/open-anki-jlpt-decks,,
expression,N4,vocabulary,,高校生,こうこうせい,high school student,noun,,,,彼は高校生です。,かれはこうこうせいです。,He is a high school student.,JLPT N4 Vocabulary List,https://github.com/jamsinclair/open-anki-jlpt-decks,,
expression,N4,vocabulary,,講義,こうぎ,a lecture,noun,,,,講義に出ます。,こうぎにでます。,I attend the lecture.,JLPT N4 Vocabulary List,https://github.com/jamsinclair/open-anki-jlpt-decks,,
expression,N4,vocabulary,,そんなに,そんなに,"so much, like that",adverb,,,,そんなに高くないです。,そんなにたかくないです。,It's not that expensive.,JLPT N4 Vocabulary List,https://github.com/jamsinclair/open-anki-jlpt-decks,,
expression,N4,vocabulary,,昼休み,ひるやすみ,"lunch break, noon recess",noun,,,,昼休みに食べます。,ひるやすみにたべます。,I eat during lunch break.,JLPT N4 Vocabulary List,https://github.com/jamsinclair/open-anki-jlpt-decks,,
expression,N4,vocabulary,,忘れ物,わすれもの,"lost article, something forgotten",noun,,,,忘れ物をしました。,わすれものをしました。,I forgot something.,JLPT N4 Vocabulary List,https://github.com/jamsinclair/open-anki-jlpt-decks,,
expression,N4,vocabulary,,下りる,おりる,"to get down, to go; come down",verb,ichidan,intransitive,,階段を下ります。,かいだんをおります。,I go down the stairs.,JLPT N4 Vocabulary List,https://github.com/jamsinclair/open-anki-jlpt-decks,,
expression,N4,vocabulary,,腕,うで,arm (in reference to body),noun,,,,腕が痛いです。,うでがいたいです。,My arm hurts.,JLPT N4 Vocabulary List,https://github.com/jamsinclair/open-anki-jlpt-decks,,
expression,N4,vocabulary,,訳,わけ,reason; explanation,noun,,,,訳を説明します。,わけをせつめいします。,I explain the reason.,JLPT N4 Vocabulary List,https://github.com/jamsinclair/open-anki-jlpt-decks,,
expression,N4,vocabulary,,承知,しょうちする,"consent, acceptance",noun,,,,承知しました。,しょうちしました。,Understood.,JLPT N4 Vocabulary List,https://github.com/jamsinclair/open-anki-jlpt-decks,,
expression,N4,vocabulary,,日記,にっき,"diary, journal",noun,,,,日記を書きます。,にっきをかきます。,I write a diary.,JLPT N4 Vocabulary List,https://github.com/jamsinclair/open-anki-jlpt-decks,,
expression,N4,vocabulary,,高校,こうこう,high school; senior high school,noun,,,,高校に通っています。,こうこうにかよっています。,I attend high school.,JLPT N4 Vocabulary List,https://github.com/jamsinclair/open-anki-jlpt-decks,,Alt. spelling: 高等学校
expression,N4,vocabulary,,高等学校,こうとうがっこう,high school; senior high school,noun,,,,高校に通っています。,こうこうにかよっています。,I attend high school.,JLPT N4 Vocabulary List,https://github.com/jamsinclair/open-anki-jlpt-decks,,Alt. spelling: 高校
expression,N4,vocabulary,,似る,にる,"to resemble, to be similar",verb,ichidan,intransitive,,母に似ています。,ははににています。,I resemble my mother.,JLPT N4 Vocabulary List,https://github.com/jamsinclair/open-anki-jlpt-decks,,
expression,N4,vocabulary,,～おわる,～おわる,to finish doing ~,suffix,,,,本を読み終わりました。,ほんをよみおわりました。,I finished reading the book.,JLPT N4 Vocabulary List,https://github.com/jamsinclair/open-anki-jlpt-decks,,
expression,N4,vocabulary,,暖房,だんぼう,heating,noun,,,,暖房をつけます。,だんぼうをつけます。,I turn on the heating.,JLPT N4 Vocabulary List,https://github.com/jamsinclair/open-anki-jlpt-decks,,
expression,N4,vocabulary,,留守,るす,absence; not at home,noun,,,,今日は留守です。,きょうはるすです。,I am not home today.,JLPT N4 Vocabulary List,https://github.com/jamsinclair/open-anki-jlpt-decks,,
expression,N4,vocabulary,,割合,わりあい,"rate, ratio, percentage",noun,,,,女性の割合が高いです。,じょせいのわりあいがたかいです。,The ratio of women is high.,JLPT N4 Vocabulary List,https://github.com/jamsinclair/open-anki-jlpt-decks,,
expression,N4,vocabulary,,寺,てら,Buddhist temple,noun,,,,お寺へ行きます。,おてらへいきます。,I go to a temple.,JLPT N4 Vocabulary List,https://github.com/jamsinclair/open-anki-jlpt-decks,,
expression,N4,vocabulary,,慣れる,なれる,to grow accustomed to,verb,ichidan,intransitive,,日本の生活に慣れました。,にほんのせいかつになれました。,I got used to life in Japan.,JLPT N4 Vocabulary List,https://github.com/jamsinclair/open-anki-jlpt-decks,,
expression,N4,vocabulary,,普通,ふつう,common; usual,na-adjective,,,,これは普通のことです。,これはふつうのことです。,This is a normal thing.,JLPT N4 Vocabulary List,https://github.com/jamsinclair/open-anki-jlpt-decks,,
expression,N4,vocabulary,,手伝う,てつだう,to help,verb,godan,transitive,,母を手伝います。,ははをてつだいます。,I help my mother.,JLPT N4 Vocabulary List,https://github.com/jamsinclair/open-anki-jlpt-decks,,
expression,N4,vocabulary,,なるほど,なるほど,I see; I now understand,interjection,,,,なるほど、分かりました。,なるほど、わかりました。,"I see, understood.",JLPT N4 Vocabulary List,https://github.com/jamsinclair/open-anki-jlpt-decks,,
expression,N4,vocabulary,,くださる,くださる,"(hon.) to give, to confer",verb,godan,transitive,,先生が本をくださいました。,せんせいがほんをくださいました。,The teacher gave me a book.,JLPT N4 Vocabulary List,https://github.com/jamsinclair/open-anki-jlpt-decks,,
expression,N4,vocabulary,,息子,むすこ,(humble) son,noun,,,,息子は大学生です。,むすこはだいがくせいです。,My son is a university student.,JLPT N4 Vocabulary List,https://github.com/jamsinclair/open-anki-jlpt-decks,,
expression,N4,vocabulary,,お子さん,おこさん,(someone else's) child (polite),noun,,,,お子さんは何歳ですか。,おこさんはなんさいですか。,How old is your child?,JLPT N4 Vocabulary List,https://github.com/jamsinclair/open-anki-jlpt-decks,,
expression,N4,vocabulary,,会場,かいじょう,"venue, meeting place",noun,,,,会場に着きました。,かいじょうにつきました。,I arrived at the venue.,JLPT N4 Vocabulary List,https://github.com/jamsinclair/open-anki-jlpt-decks,,
expression,N4,vocabulary,,笑う,わらう,"to laugh, to smile",verb,godan,intransitive,,みんなが笑いました。,みんながわらいました。,Everyone laughed.,JLPT N4 Vocabulary List,https://github.com/jamsinclair/open-anki-jlpt-decks,,
expression,N4,vocabulary,,運ぶ,はこぶ,"to transport, to carry",verb,godan,transitive,,荷物を運びます。,にもつをはこびます。,I carry the luggage.,JLPT N4 Vocabulary List,https://github.com/jamsinclair/open-anki-jlpt-decks,,
expression,N4,vocabulary,,文学,ぶんがく,literature,noun,,,,文学を勉強します。,ぶんがくをべんきょうします。,I study literature.,JLPT N4 Vocabulary List,https://github.com/jamsinclair/open-anki-jlpt-decks,,
expression,N4,vocabulary,,光,ひかり,light,noun,,,,光が見えます。,ひかりがみえます。,I can see light.,JLPT N4 Vocabulary List,https://github.com/jamsinclair/open-anki-jlpt-decks,,
expression,N4,vocabulary,,お見舞い,おみまい,"calling on someone who is ill, visit",noun,,,,病院へお見舞いに行きます。,びょういんへおみまいにいきます。,I visit someone in the hospital.,JLPT N4 Vocabulary List,https://github.com/jamsinclair/open-anki-jlpt-decks,,
expression,N4,vocabulary,,席,せき,a seat,noun,,,,席に座ります。,せきにすわります。,I sit in my seat.,JLPT N4 Vocabulary List,https://github.com/jamsinclair/open-anki-jlpt-decks,,
expression,N4,vocabulary,,～様,～さま,"Mr., Mrs., Ms.",suffix,,,,田中様、こちらへどうぞ。,たなかさま、こちらへどうぞ。,"Mr. Tanaka, this way please.",JLPT N4 Vocabulary List,https://github.com/jamsinclair/open-anki-jlpt-decks,,
expression,N4,vocabulary,,ご存じ,ごぞんじ,"knowing, acquaintance",noun,,,,ご存じですか。,ごぞんじですか。,Do you know?,JLPT N4 Vocabulary List,https://github.com/jamsinclair/open-anki-jlpt-decks,,
expression,N4,vocabulary,,下る,さがる,"to descend, to drop, to fall",verb,godan,intransitive,,熱が下がりました。,ねつがさがりました。,My fever went down.,JLPT N4 Vocabulary List,https://github.com/jamsinclair/open-anki-jlpt-decks,,
expression,N4,vocabulary,,字,じ,letter; character,noun,,,,字を書きます。,じをかきます。,I write characters.,JLPT N4 Vocabulary List,https://github.com/jamsinclair/open-anki-jlpt-decks,,
expression,N4,vocabulary,,アジア,アジア,Asia,noun,,,,アジアを旅行します。,アジアをりょこうします。,I travel around Asia.,JLPT N4 Vocabulary List,https://github.com/jamsinclair/open-anki-jlpt-decks,,
expression,N4,vocabulary,,褒める,ほめる,to praise; to say nice things,verb,ichidan,transitive,,先生に褒められました。,せんせいにほめられました。,I was praised by the teacher.,JLPT N4 Vocabulary List,https://github.com/jamsinclair/open-anki-jlpt-decks,,
expression,N4,vocabulary,,空く,すく,"to be empty (in reference to people), to be less crowded",verb,godan,intransitive,,電車が空いています。,でんしゃがすいています。,The train is not crowded.,JLPT N4 Vocabulary List,https://github.com/jamsinclair/open-anki-jlpt-decks,,
expression,N4,vocabulary,,あ,あ,Ah,interjection,,,,あ、忘れました。,あ、わすれました。,"Ah, I forgot.",JLPT N4 Vocabulary List,https://github.com/jamsinclair/open-anki-jlpt-decks,,
expression,N4,vocabulary,,最も,もっとも,most,adverb,,,,最も大切なことです。,もっともたいせつなことです。,It is the most important thing.,JLPT N4 Vocabulary List,https://github.com/jamsinclair/open-anki-jlpt-decks,,
expression,N4,vocabulary,,合う,あう,"to fit, to match",verb,godan,intransitive,,この服は私に合います。,このふくはわたしにあいます。,This clothing suits me.,JLPT N4 Vocabulary List,https://github.com/jamsinclair/open-anki-jlpt-decks,,
expression,N4,vocabulary,,～代,～だい,~ age; period,counter,,,,二十代です。,にじゅうだいです。,I am in my twenties.,JLPT N4 Vocabulary List,https://github.com/jamsinclair/open-anki-jlpt-decks,,
expression,N4,vocabulary,,最後,さいご,"last, end",noun,,,,最後まで頑張ります。,さいごまでがんばります。,I will do my best until the end.,JLPT N4 Vocabulary List,https://github.com/jamsinclair/open-anki-jlpt-decks,,
expression,N4,vocabulary,,値段,ねだん,price,noun,,,,値段が高いです。,ねだんがたかいです。,The price is expensive.,JLPT N4 Vocabulary List,https://github.com/jamsinclair/open-anki-jlpt-decks,,
expression,N4,vocabulary,,退院,たいいんする,leaving hospital,noun,,,,来週、退院します。,らいしゅう、たいいんします。,I will leave the hospital next week.,JLPT N4 Vocabulary List,https://github.com/jamsinclair/open-anki-jlpt-decks,,
expression,N4,vocabulary,,展覧会,てんらんかい,exhibition,noun,,,,展覧会に行きます。,てんらんかいにいきます。,I go to the exhibition.,JLPT N4 Vocabulary List,https://github.com/jamsinclair/open-anki-jlpt-decks,,
expression,N4,vocabulary,,久しぶり,ひさしぶり,it has been a long time; for the first time in a long time,noun,,,,お久しぶりです。,おひさしぶりです。,It's been a long time.,JLPT N4 Vocabulary List,https://github.com/jamsinclair/open-anki-jlpt-decks,,
expression,N4,vocabulary,,カーテン,カーテン,curtain,noun,,,,カーテンを閉めます。,カーテンをしめます。,I close the curtains.,JLPT N4 Vocabulary List,https://github.com/jamsinclair/open-anki-jlpt-decks,,
expression,N4,vocabulary,,汽車,きしゃ,train (steam),noun,,,,汽車に乗ります。,きしゃにのります。,I ride the train.,JLPT N4 Vocabulary List,https://github.com/jamsinclair/open-anki-jlpt-decks,,
expression,N4,vocabulary,,遅れる,おくれる,to (be) become late,verb,ichidan,intransitive,,電車が遅れました。,でんしゃがおくれました。,The train was late.,JLPT N4 Vocabulary List,https://github.com/jamsinclair/open-anki-jlpt-decks,,
expression,N4,vocabulary,,見つかる,みつかる,"to be found (v.i.), to be discovered",verb,godan,intransitive,,鍵が見つかりました。,かぎがみつかりました。,The key was found.,JLPT N4 Vocabulary List,https://github.com/jamsinclair/open-anki-jlpt-decks,,
expression,N4,vocabulary,,召し上がる,めしあがる,-- honorific form of 食べる (たべる) and 飲む (のむ) --,verb,godan,transitive,,どうぞ召し上がってください。,どうぞめしあがってください。,Please help yourself.,JLPT N4 Vocabulary List,https://github.com/jamsinclair/open-anki-jlpt-decks,,
expression,N4,vocabulary,,太る,ふとる,to gain weight,verb,godan,intransitive,,最近、太りました。,さいきん、ふとりました。,I have gained weight recently.,JLPT N4 Vocabulary List,https://github.com/jamsinclair/open-anki-jlpt-decks,,
expression,N4,vocabulary,,注射,ちゅうしゃ,injection,noun,,,,注射をします。,ちゅうしゃをします。,I get an injection.,JLPT N4 Vocabulary List,https://github.com/jamsinclair/open-anki-jlpt-decks,,
expression,N4,vocabulary,,様,よう,"way, manner, kind",noun,,,,そのような話は聞いていません。,そのようなはなしはきいていません。,I haven't heard that kind of story.,JLPT N4 Vocabulary List,https://github.com/jamsinclair/open-anki-jlpt-decks,,
expression,N4,vocabulary,,～おき,～おき,after every ~,suffix,,,,一日おきに運動します。,いちにちおきにうんどうします。,I exercise every other day.,JLPT N4 Vocabulary List,https://github.com/jamsinclair/open-anki-jlpt-decks,,
expression,N4,vocabulary,,最初,さいしょ,"beginning, first",noun,,,,最初に自己紹介します。,さいしょにじこしょうかいします。,"First, I will introduce myself.",JLPT N4 Vocabulary List,https://github.com/jamsinclair/open-anki-jlpt-decks,,
expression,N4,vocabulary,,御～,ご～,honorable ~,prefix,,,,ご住所を教えてください。,ごじゅうしょをおしえてください。,Please tell me your address.,JLPT N4 Vocabulary List,https://github.com/jamsinclair/open-anki-jlpt-decks,,
expression,N4,vocabulary,,安心,あんしん,"peace of mind, relief",noun,,,,安心してください。,あんしんしてください。,Please be assured.,JLPT N4 Vocabulary List,https://github.com/jamsinclair/open-anki-jlpt-decks,,
expression,N4,vocabulary,,直る,なおる,to be fixed,verb,godan,intransitive,直す,時計が直りました。,とけいがなおりました。,The clock got fixed.,JLPT N4 Vocabulary List,https://github.com/jamsinclair/open-anki-jlpt-decks,,
expression,N4,vocabulary,,集める,あつめる,"to collect, to gather (v.t.), to assemble",verb,ichidan,transitive,,切手を集めます。,きってをあつめます。,I collect stamps.,JLPT N4 Vocabulary List,https://github.com/jamsinclair/open-anki-jlpt-decks,,
expression,N4,vocabulary,,直す,なおす,to correct (v.t.); to fix,verb,godan,transitive,,時計を直します。,とけいをなおします。,I fix the clock.,JLPT N4 Vocabulary List,https://github.com/jamsinclair/open-anki-jlpt-decks,,
expression,N4,vocabulary,,続く,つづく,to be continued,verb,godan,intransitive,続ける,雨が続いています。,あめがつづいています。,The rain is continuing.,JLPT N4 Vocabulary List,https://github.com/jamsinclair/open-anki-jlpt-decks,,
expression,N4,vocabulary,,先輩,せんぱい,senior members of a group,noun,,,,先輩に相談します。,せんぱいにそうだんします。,I consult my senior.,JLPT N4 Vocabulary List,https://github.com/jamsinclair/open-anki-jlpt-decks,,
expression,N4,vocabulary,,約束,やくそく,"arrangement, appointment, promise",noun,,,,約束を守ります。,やくそくをまもります。,I keep my promise.,JLPT N4 Vocabulary List,https://github.com/jamsinclair/open-anki-jlpt-decks,,
expression,N4,vocabulary,,世話,せわする,looking after; to look after,noun,,,,子供の世話をします。,こどものせわをします。,I take care of the child.,JLPT N4 Vocabulary List,https://github.com/jamsinclair/open-anki-jlpt-decks,,
expression,N4,vocabulary,,近所,きんじょ,neighborhood,noun,,,,近所に住んでいます。,きんじょにすんでいます。,I live in the neighborhood.,JLPT N4 Vocabulary List,https://github.com/jamsinclair/open-anki-jlpt-decks,,
expression,N4,vocabulary,,将来,しょうらい,(in the) future; prospects,noun,,,,将来の夢は何ですか。,しょうらいのゆめはなんですか。,What is your dream for the future?,JLPT N4 Vocabulary List,https://github.com/jamsinclair/open-anki-jlpt-decks,,
expression,N4,vocabulary,,億,おく,hundred million,noun,,,,一億円です。,いちおくえんです。,It's 100 million yen.,JLPT N4 Vocabulary List,https://github.com/jamsinclair/open-anki-jlpt-decks,,
expression,N4,vocabulary,,数学,すうがく,mathematics,noun,,,,数学を勉強します。,すうがくをべんきょうします。,I study mathematics.,JLPT N4 Vocabulary List,https://github.com/jamsinclair/open-anki-jlpt-decks,,
expression,N4,vocabulary,,文化,ぶんか,culture,noun,,,,日本の文化が好きです。,にほんのぶんかがすきです。,I like Japanese culture.,JLPT N4 Vocabulary List,https://github.com/jamsinclair/open-anki-jlpt-decks,,
expression,N4,vocabulary,,払う,はらう,to pay,verb,godan,transitive,,お金を払います。,おかねをはらいます。,I pay money.,JLPT N4 Vocabulary List,https://github.com/jamsinclair/open-anki-jlpt-decks,,
expression,N4,vocabulary,,習慣,しゅうかん,custom (in reference to culture),noun,,,,いい習慣です。,いいしゅうかんです。,It's a good habit.,JLPT N4 Vocabulary List,https://github.com/jamsinclair/open-anki-jlpt-decks,,
expression,N4,vocabulary,,焼ける,やける,"to burn, to be roasted",verb,ichidan,intransitive,,パンが焼けました。,パンがやけました。,The bread has baked.,JLPT N4 Vocabulary List,https://github.com/jamsinclair/open-anki-jlpt-decks,,
expression,N4,vocabulary,,君,きみ,you (informal for men),pronoun,,,,君はどう思う？,きみはどうおもう？,What do you think?,JLPT N4 Vocabulary List,https://github.com/jamsinclair/open-anki-jlpt-decks,,
expression,N4,vocabulary,,冷える,ひえる,"to grow cold, to cool down",verb,ichidan,intransitive,,夜は冷えます。,よるはひえます。,It gets cold at night.,JLPT N4 Vocabulary List,https://github.com/jamsinclair/open-anki-jlpt-decks,,
expression,N4,vocabulary,,点く,つく,"to be started, to be switched on",verb,godan,intransitive,,電気が点きました。,でんきがつきました。,The light turned on.,JLPT N4 Vocabulary List,https://github.com/jamsinclair/open-anki-jlpt-decks,,
expression,N4,vocabulary,,この間,このあいだ,"the other day, recently",adverb,,,,この間、会いました。,このあいだ、あいました。,I met them the other day.,JLPT N4 Vocabulary List,https://github.com/jamsinclair/open-anki-jlpt-decks,,
expression,N4,vocabulary,,格好,かっこう,"appearance, manner, shape, form, posture",noun,,,,変な格好をしています。,へんなかっこうをしています。,I'm dressed strangely.,JLPT N4 Vocabulary List,https://github.com/jamsinclair/open-anki-jlpt-decks,,
expression,N4,vocabulary,,かまう,かまう,"to mind, to care about, to be concerned about",verb,godan,intransitive,,気にしないでください、かまいません。,きにしないでください、かまいません。,"Don't worry, I don't mind.",JLPT N4 Vocabulary List,https://github.com/jamsinclair/open-anki-jlpt-decks,,
expression,N4,vocabulary,,続ける,つづける,"to continue, to keep up",verb,ichidan,transitive,,勉強を続けます。,べんきょうをつづけます。,I continue studying.,JLPT N4 Vocabulary List,https://github.com/jamsinclair/open-anki-jlpt-decks,,
expression,N4,vocabulary,,落す,おとす,"to drop, to lose",verb,godan,transitive,,財布を落しました。,さいふをおとしました。,I dropped my wallet.,JLPT N4 Vocabulary List,https://github.com/jamsinclair/open-anki-jlpt-decks,,
expression,N4,vocabulary,,明日,あす,tomorrow,noun,,,,明日、会いましょう。,あす、あいましょう。,Let's meet tomorrow.,JLPT N4 Vocabulary List,https://github.com/jamsinclair/open-anki-jlpt-decks,,
expression,N4,vocabulary,,出発,しゅっぱつする,departure,noun,,,,九時に出発します。,くじにしゅっぱつします。,We depart at nine o'clock.,JLPT N4 Vocabulary List,https://github.com/jamsinclair/open-anki-jlpt-decks,,
expression,N4,vocabulary,,拝見,はいけんする,"(humble) (polite) seeing, look at",verb,irregular,transitive,,資料を拝見します。,しりょうをはいけんします。,I will look at the document.,JLPT N4 Vocabulary List,https://github.com/jamsinclair/open-anki-jlpt-decks,,
expression,N4,vocabulary,,割れる,われる,to break,verb,ichidan,intransitive,,コップが割れました。,コップがわれました。,The cup broke.,JLPT N4 Vocabulary List,https://github.com/jamsinclair/open-anki-jlpt-decks,,
expression,N4,vocabulary,,背中,せなか,back (of body),noun,,,,背中が痛いです。,せなかがいたいです。,My back hurts.,JLPT N4 Vocabulary List,https://github.com/jamsinclair/open-anki-jlpt-decks,,
expression,N4,vocabulary,,新聞社,しんぶんしゃ,newspaper company,noun,,,,新聞社で働いています。,しんぶんしゃではたらいています。,I work at a newspaper company.,JLPT N4 Vocabulary List,https://github.com/jamsinclair/open-anki-jlpt-decks,,
expression,N4,vocabulary,,いじめる,いじめる,"to bully, to torment",verb,ichidan,transitive,,弟をいじめないでください。,おとうとをいじめないでください。,Please don't bully my little brother.,JLPT N4 Vocabulary List,https://github.com/jamsinclair/open-anki-jlpt-decks,,
expression,N4,vocabulary,,回る、回す,まわる、まわす,"to go around, to revolve",verb,godan,intransitive,,地球が回ります。,ちきゅうがまわります。,The earth revolves.,JLPT N4 Vocabulary List,https://github.com/jamsinclair/open-anki-jlpt-decks,,
expression,N4,vocabulary,,～君,～くん,"Mr. (junior) ~, master ~",suffix,,,,田中君、こっちに来て。,たなかくん、こっちにきて。,"Tanaka, come here.",JLPT N4 Vocabulary List,https://github.com/jamsinclair/open-anki-jlpt-decks,,
expression,N4,vocabulary,,おっしゃる,おっしゃる,-- honorific expression for いう --,verb,godan,transitive,,先生が何かおっしゃいました。,せんせいがなにかおっしゃいました。,The teacher said something.,JLPT N4 Vocabulary List,https://github.com/jamsinclair/open-anki-jlpt-decks,,
expression,N4,vocabulary,,眠い,ねむい,"sleepy, drowsy",i-adjective,,,,眠いです。,ねむいです。,I am sleepy.,JLPT N4 Vocabulary List,https://github.com/jamsinclair/open-anki-jlpt-decks,,
expression,N4,vocabulary,,濡れる,ぬれる,to get wet,verb,ichidan,intransitive,,服が濡れました。,ふくがぬれました。,My clothes got wet.,JLPT N4 Vocabulary List,https://github.com/jamsinclair/open-anki-jlpt-decks,,
expression,N4,vocabulary,,倒れる,たおれる,"to collapse, to break down",verb,ichidan,intransitive,,木が倒れました。,きがたおれました。,The tree fell over.,JLPT N4 Vocabulary List,https://github.com/jamsinclair/open-anki-jlpt-decks,,
expression,N4,vocabulary,,スーパー (マーケット),スーパー (マーケット),supermarket,noun,,,,スーパーで買い物します。,スーパーでかいものします。,I shop at the supermarket.,JLPT N4 Vocabulary List,https://github.com/jamsinclair/open-anki-jlpt-decks,,
expression,N4,vocabulary,,アクセサリー,アクセサリー,accessory,noun,,,,アクセサリーを買います。,アクセサリーをかいます。,I buy accessories.,JLPT N4 Vocabulary List,https://github.com/jamsinclair/open-anki-jlpt-decks,,
expression,N4,vocabulary,,考える,かんがえる,to think (about); to consider,verb,ichidan,transitive,,よく考えます。,よくかんがえます。,I think carefully.,JLPT N4 Vocabulary List,https://github.com/jamsinclair/open-anki-jlpt-decks,,
expression,N4,vocabulary,,向かう,むかう,"to face, to go towards",verb,godan,intransitive,,駅に向かいます。,えきにむかいます。,I head towards the station.,JLPT N4 Vocabulary List,https://github.com/jamsinclair/open-anki-jlpt-decks,,
expression,N4,vocabulary,,自由,じゆう,freedom,na-adjective,,,,時間が自由です。,じかんがじゆうです。,My time is free.,JLPT N4 Vocabulary List,https://github.com/jamsinclair/open-anki-jlpt-decks,,
expression,N4,vocabulary,,仕方,しかた,way (of doing something),noun,,,,仕方がありません。,しかたがありません。,It can't be helped.,JLPT N4 Vocabulary List,https://github.com/jamsinclair/open-anki-jlpt-decks,,
expression,N4,vocabulary,,首,くび,neck,noun,,,,首が痛いです。,くびがいたいです。,My neck hurts.,JLPT N4 Vocabulary List,https://github.com/jamsinclair/open-anki-jlpt-decks,,
expression,N4,vocabulary,,程,ほど,"degree, extent",noun,,,,それ程遠くないです。,それほどとおくないです。,It's not that far.,JLPT N4 Vocabulary List,https://github.com/jamsinclair/open-anki-jlpt-decks,,
expression,N4,vocabulary,,代わり,かわり,"substitute, replacement",noun,,,,私の代わりに行ってください。,わたしのかわりにいってください。,Please go in my place.,JLPT N4 Vocabulary List,https://github.com/jamsinclair/open-anki-jlpt-decks,,
expression,N4,vocabulary,,失敗,しっぱい,"failure, mistake",noun,,,,失敗しました。,しっぱいしました。,I failed.,JLPT N4 Vocabulary List,https://github.com/jamsinclair/open-anki-jlpt-decks,,
expression,N4,vocabulary,,工業,こうぎょう,(manufacturing) industry,noun,,,,工業が盛んな町です。,こうぎょうがさかんなまちです。,It's a town where industry thrives.,JLPT N4 Vocabulary List,https://github.com/jamsinclair/open-anki-jlpt-decks,,
expression,N4,vocabulary,,移る,うつる,to move (from a house); to transfer (from a department); to shift,verb,godan,intransitive,,新しい部屋に移りました。,あたらしいへやにうつりました。,I moved to a new room.,JLPT N4 Vocabulary List,https://github.com/jamsinclair/open-anki-jlpt-decks,,
expression,N4,vocabulary,,スーツケース,スーツケース,suitcase,noun,,,,スーツケースを運びます。,スーツケースをはこびます。,I carry the suitcase.,JLPT N4 Vocabulary List,https://github.com/jamsinclair/open-anki-jlpt-decks,,
expression,N4,vocabulary,,ひげ,ひげ,beard,noun,,,,ひげを剃ります。,ひげをそります。,I shave my beard.,JLPT N4 Vocabulary List,https://github.com/jamsinclair/open-anki-jlpt-decks,,
expression,N4,vocabulary,,研究室,けんきゅうしつ,the professor's office; laboratory,noun,,,,研究室で勉強します。,けんきゅうしつでべんきょうします。,I study in the laboratory.,JLPT N4 Vocabulary List,https://github.com/jamsinclair/open-anki-jlpt-decks,,
expression,N4,vocabulary,,工場,こうじょう,factory,noun,,,,工場で働いています。,こうじょうではたらいています。,I work at a factory.,JLPT N4 Vocabulary List,https://github.com/jamsinclair/open-anki-jlpt-decks,,
expression,N4,vocabulary,,紹介,しょうかい,an introduction,noun,,,,自己紹介をします。,じこしょうかいをします。,I introduce myself.,JLPT N4 Vocabulary List,https://github.com/jamsinclair/open-anki-jlpt-decks,,
expression,N4,vocabulary,,けれど,けれど,"but, although",conjunction,,,,忙しいけれど、行きます。,いそがしいけれど、いきます。,"Though I'm busy, I will go.",JLPT N4 Vocabulary List,https://github.com/jamsinclair/open-anki-jlpt-decks,,Alt. spelling: けれども
expression,N4,vocabulary,,けれども,けれども,"but, although",conjunction,,,,忙しいけれど、行きます。,いそがしいけれど、いきます。,"Though I'm busy, I will go.",JLPT N4 Vocabulary List,https://github.com/jamsinclair/open-anki-jlpt-decks,,Alt. spelling: けれど
expression,N4,vocabulary,,舟,ふね,"ship, boat",noun,,,,舟に乗ります。,ふねにのります。,I get on a boat.,JLPT N4 Vocabulary List,https://github.com/jamsinclair/open-anki-jlpt-decks,,
expression,N4,vocabulary,,動く,うごく,to move,verb,godan,intransitive,,電車が動きました。,でんしゃがうごきました。,The train moved.,JLPT N4 Vocabulary List,https://github.com/jamsinclair/open-anki-jlpt-decks,,
expression,N4,vocabulary,,～(に) ついて,～(に) ついて,"about, concerning",phrase,,,,日本について話します。,にほんについてはなします。,I talk about Japan.,JLPT N4 Vocabulary List,https://github.com/jamsinclair/open-anki-jlpt-decks,,
expression,N4,vocabulary,,コンサート,コンサート,concert,noun,,,,コンサートに行きます。,コンサートにいきます。,I go to a concert.,JLPT N4 Vocabulary List,https://github.com/jamsinclair/open-anki-jlpt-decks,,
expression,N4,vocabulary,,虫,むし,insect,noun,,,,虫がいます。,むしがいます。,There is a bug.,JLPT N4 Vocabulary List,https://github.com/jamsinclair/open-anki-jlpt-decks,,
expression,N4,vocabulary,,優しい,やさしい,"kind (person), gentle (person), easy (problem)",i-adjective,,,,彼は優しいです。,かれはやさしいです。,He is kind.,JLPT N4 Vocabulary List,https://github.com/jamsinclair/open-anki-jlpt-decks,,
expression,N4,vocabulary,,コンピュータ,コンピュータ,computer,noun,,,,コンピューターを使います。,コンピューターをつかいます。,I use a computer.,JLPT N4 Vocabulary List,https://github.com/jamsinclair/open-anki-jlpt-decks,,Alt. spelling: コンピューター
expression,N4,vocabulary,,コンピューター,コンピューター,computer,noun,,,,コンピューターを使います。,コンピューターをつかいます。,I use a computer.,JLPT N4 Vocabulary List,https://github.com/jamsinclair/open-anki-jlpt-decks,,Alt. spelling: コンピュータ
expression,N4,vocabulary,,植える,うえる,to plant,verb,ichidan,transitive,,木を植えます。,きをうえます。,I plant a tree.,JLPT N4 Vocabulary List,https://github.com/jamsinclair/open-anki-jlpt-decks,,
expression,N4,vocabulary,,両方,りょうほう,"both sides, both parties",noun,,,,両方好きです。,りょうほうすきです。,I like both.,JLPT N4 Vocabulary List,https://github.com/jamsinclair/open-anki-jlpt-decks,,
expression,N4,vocabulary,,汚れる,よごれる,to become dirty,verb,ichidan,intransitive,,服が汚れました。,ふくがよごれました。,My clothes got dirty.,JLPT N4 Vocabulary List,https://github.com/jamsinclair/open-anki-jlpt-decks,,
expression,N4,vocabulary,,水泳,すいえい,swimming,noun,,,,水泳が好きです。,すいえいがすきです。,I like swimming.,JLPT N4 Vocabulary List,https://github.com/jamsinclair/open-anki-jlpt-decks,,
expression,N4,vocabulary,,経験,けいけんする,experience,noun,,,,いい経験をしました。,いいけいけんをしました。,I had a good experience.,JLPT N4 Vocabulary List,https://github.com/jamsinclair/open-anki-jlpt-decks,,
expression,N4,vocabulary,,勝つ,かつ,to win,verb,godan,intransitive,,試合に勝ちました。,しあいにかちました。,I won the match.,JLPT N4 Vocabulary List,https://github.com/jamsinclair/open-anki-jlpt-decks,,
expression,N4,vocabulary,,砂,すな,sand,noun,,,,砂で遊びます。,すなであそびます。,I play with sand.,JLPT N4 Vocabulary List,https://github.com/jamsinclair/open-anki-jlpt-decks,,
expression,N4,vocabulary,,警察,けいさつ,police; police station,noun,,,,警察に電話します。,けいさつにでんわします。,I call the police.,JLPT N4 Vocabulary List,https://github.com/jamsinclair/open-anki-jlpt-decks,,
expression,N4,vocabulary,,取り替える,とりかえる,"to exchange, to replace",verb,ichidan,transitive,,電池を取り替えます。,でんちをとりかえます。,I replace the battery.,JLPT N4 Vocabulary List,https://github.com/jamsinclair/open-anki-jlpt-decks,,
expression,N4,vocabulary,,急ぐ,いそぐ,"to hurry, to be in a hurry, to rush",verb,godan,intransitive,,急いでください。,いそいでください。,Please hurry.,JLPT N4 Vocabulary List,https://github.com/jamsinclair/open-anki-jlpt-decks,,
expression,N4,vocabulary,,簡単,かんたん,simple,na-adjective,,,,この問題は簡単です。,このもんだいはかんたんです。,This problem is simple.,JLPT N4 Vocabulary List,https://github.com/jamsinclair/open-anki-jlpt-decks,,
expression,N4,vocabulary,,参る,まいる,humble expression for 行く and 来る,verb,godan,intransitive,,すぐ参ります。,すぐまいります。,I will come right away.,JLPT N4 Vocabulary List,https://github.com/jamsinclair/open-anki-jlpt-decks,,
expression,N4,vocabulary,,全然,ぜんぜん,"not at all; wholly, entirely",adverb,,,,全然分かりません。,ぜんぜんわかりません。,I don't understand at all.,JLPT N4 Vocabulary List,https://github.com/jamsinclair/open-anki-jlpt-decks,,
expression,N4,vocabulary,,特別,とくべつ,special,na-adjective,,,,特別な日です。,とくべつなひです。,It's a special day.,JLPT N4 Vocabulary List,https://github.com/jamsinclair/open-anki-jlpt-decks,,
expression,N4,vocabulary,,復習,ふくしゅう,"review (of lessons), revision",noun,,,,復習をします。,ふくしゅうをします。,I review my lessons.,JLPT N4 Vocabulary List,https://github.com/jamsinclair/open-anki-jlpt-decks,,
expression,N4,vocabulary,,間に合う,まにあう,to be in time for,verb,godan,intransitive,,電車に間に合いました。,でんしゃにまにあいました。,I made it in time for the train.,JLPT N4 Vocabulary List,https://github.com/jamsinclair/open-anki-jlpt-decks,,
expression,N4,vocabulary,,役に立つ,やくにたつ,"to be helpful, to be useful",verb,godan,intransitive,,この本は役に立ちます。,このほんはやくにたちます。,This book is useful.,JLPT N4 Vocabulary List,https://github.com/jamsinclair/open-anki-jlpt-decks,,
expression,N4,vocabulary,,もうすぐ,もうすぐ,very soon; in a few moments; days,adverb,,,,もうすぐ着きます。,もうすぐつきます。,I will arrive soon.,JLPT N4 Vocabulary List,https://github.com/jamsinclair/open-anki-jlpt-decks,,
expression,N4,vocabulary,,真中,まんなか,"middle, center",noun,,,,部屋の真中にいます。,へやのまんなかにいます。,I am in the middle of the room.,JLPT N4 Vocabulary List,https://github.com/jamsinclair/open-anki-jlpt-decks,,
expression,N4,vocabulary,,戻る,もどる,to return (v.i.); to come back,verb,godan,intransitive,,家に戻ります。,いえにもどります。,I return home.,JLPT N4 Vocabulary List,https://github.com/jamsinclair/open-anki-jlpt-decks,,
expression,N4,vocabulary,,研究,けんきゅう,"study, research, investigation",noun,,,,研究をしています。,けんきゅうをしています。,I am doing research.,JLPT N4 Vocabulary List,https://github.com/jamsinclair/open-anki-jlpt-decks,,
expression,N4,vocabulary,,ケーキ,ケーキ,cake,noun,,,,ケーキを食べます。,ケーキをたべます。,I eat cake.,JLPT N4 Vocabulary List,https://github.com/jamsinclair/open-anki-jlpt-decks,,
expression,N4,vocabulary,,草,くさ,grass,noun,,,,草を刈ります。,くさをかります。,I cut the grass.,JLPT N4 Vocabulary List,https://github.com/jamsinclair/open-anki-jlpt-decks,,
expression,N4,vocabulary,,込む,こむ,to be crowded,verb,godan,intransitive,,電車が込んでいます。,でんしゃがこんでいます。,The train is crowded.,JLPT N4 Vocabulary List,https://github.com/jamsinclair/open-anki-jlpt-decks,,
expression,N4,vocabulary,,この頃,このごろ,"these days, nowadays",adverb,,,,この頃、忙しいです。,このごろ、いそがしいです。,"These days, I'm busy.",JLPT N4 Vocabulary List,https://github.com/jamsinclair/open-anki-jlpt-decks,,
expression,N4,vocabulary,,訪ねる,たずねる,to visit,verb,ichidan,transitive,,友達を訪ねます。,ともだちをたずねます。,I visit my friend.,JLPT N4 Vocabulary List,https://github.com/jamsinclair/open-anki-jlpt-decks,,
expression,N4,vocabulary,,下げる,さげる,to lower (v.t.); to hang,verb,ichidan,transitive,,値段を下げます。,ねだんをさげます。,I lower the price.,JLPT N4 Vocabulary List,https://github.com/jamsinclair/open-anki-jlpt-decks,,
expression,N4,vocabulary,,花見,はなみ,cherry-blossom viewing,noun,,,,花見に行きます。,はなみにいきます。,I go cherry-blossom viewing.,JLPT N4 Vocabulary List,https://github.com/jamsinclair/open-anki-jlpt-decks,,
expression,N4,vocabulary,,途中,とちゅう,"on the way, midway",noun,,,,帰る途中で会いました。,かえるとちゅうであいました。,I met them on the way home.,JLPT N4 Vocabulary List,https://github.com/jamsinclair/open-anki-jlpt-decks,,
expression,N4,vocabulary,,入院,にゅういんする,hospitalization,noun,,,,病院に入院します。,びょういんににゅういんします。,I am hospitalized.,JLPT N4 Vocabulary List,https://github.com/jamsinclair/open-anki-jlpt-decks,,
expression,N4,vocabulary,,乗り換える,のりかえる,"to transfer (trains), to change (bus, train, etc.)",verb,ichidan,transitive,,電車を乗り換えます。,でんしゃをのりかえます。,I transfer trains.,JLPT N4 Vocabulary List,https://github.com/jamsinclair/open-anki-jlpt-decks,,
expression,N4,vocabulary,,別れる,わかれる,"to part from, to separate",verb,ichidan,intransitive,,友達と別れました。,ともだちとわかれました。,I parted from my friend.,JLPT N4 Vocabulary List,https://github.com/jamsinclair/open-anki-jlpt-decks,,
expression,N4,vocabulary,,～町,～ちょう,the town of ~,suffix,,,,田中町に住んでいます。,たなかちょうにすんでいます。,I live in Tanaka town.,JLPT N4 Vocabulary List,https://github.com/jamsinclair/open-anki-jlpt-decks,,
expression,N4,vocabulary,,安全,あんぜん,"safety, security",na-adjective,,,,この場所は安全です。,このばしょはあんぜんです。,This place is safe.,JLPT N4 Vocabulary List,https://github.com/jamsinclair/open-anki-jlpt-decks,,
expression,N4,vocabulary,,看護婦,かんごふ,(female) nurse,noun,,,,看護婦さんに聞きます。,かんごふさんにききます。,I ask the nurse.,JLPT N4 Vocabulary List,https://github.com/jamsinclair/open-anki-jlpt-decks,,
expression,N4,vocabulary,,見物,けんぶつ,sightseeing,noun,,,,お寺を見物します。,おてらをけんぶつします。,I go sightseeing at the temple.,JLPT N4 Vocabulary List,https://github.com/jamsinclair/open-anki-jlpt-decks,,
expression,N4,vocabulary,,相談,そうだんする,consultation,noun,,,,先生に相談します。,せんせいにそうだんします。,I consult with the teacher.,JLPT N4 Vocabulary List,https://github.com/jamsinclair/open-anki-jlpt-decks,,
expression,N4,vocabulary,,ガソリンスタンド,ガソリンスタンド,"gas station, service station",noun,,,,ガソリンスタンドに寄ります。,ガソリンスタンドによります。,I stop by the gas station.,JLPT N4 Vocabulary List,https://github.com/jamsinclair/open-anki-jlpt-decks,,
expression,N4,vocabulary,,テニス,テニス,tennis,noun,,,,テニスをします。,テニスをします。,I play tennis.,JLPT N4 Vocabulary List,https://github.com/jamsinclair/open-anki-jlpt-decks,,
expression,N4,vocabulary,,眠る,ねむる,to sleep,verb,godan,intransitive,,よく眠りました。,よくねむりました。,I slept well.,JLPT N4 Vocabulary List,https://github.com/jamsinclair/open-anki-jlpt-decks,,
expression,N4,vocabulary,,上がる,あがる,"to rise, to go up",verb,godan,intransitive,,値段が上がりました。,ねだんがあがりました。,The price went up.,JLPT N4 Vocabulary List,https://github.com/jamsinclair/open-anki-jlpt-decks,,
expression,N4,vocabulary,,翻訳,ほんやく,translation,noun,,,,本を翻訳します。,ほんをほんやくします。,I translate the book.,JLPT N4 Vocabulary List,https://github.com/jamsinclair/open-anki-jlpt-decks,,
expression,N4,vocabulary,,食事,しょくじする,meal,noun,,,,食事をします。,しょくじをします。,I eat a meal.,JLPT N4 Vocabulary List,https://github.com/jamsinclair/open-anki-jlpt-decks,,
expression,N4,vocabulary,,お陰,おかげ,thanks or owing to,noun,,,,おかげで元気になりました。,おかげでげんきになりました。,"Thanks to you, I got better.",JLPT N4 Vocabulary List,https://github.com/jamsinclair/open-anki-jlpt-decks,,
expression,N4,vocabulary,,娘,むすめ,daughter (humble),noun,,,,娘は学生です。,むすめはがくせいです。,My daughter is a student.,JLPT N4 Vocabulary List,https://github.com/jamsinclair/open-anki-jlpt-decks,,
expression,N4,vocabulary,,湯,ゆ,hot water,noun,,,,お湯を沸かします。,おゆをわかします。,I boil water.,JLPT N4 Vocabulary List,https://github.com/jamsinclair/open-anki-jlpt-decks,,
expression,N4,vocabulary,,競争,きょうそう,"competition, contest",noun,,,,競争に勝ちます。,きょうそうにかちます。,I win the competition.,JLPT N4 Vocabulary List,https://github.com/jamsinclair/open-anki-jlpt-decks,,
expression,N4,vocabulary,,会議,かいぎ,business meeting; conference,noun,,,,会議に出ます。,かいぎにでます。,I attend the meeting.,JLPT N4 Vocabulary List,https://github.com/jamsinclair/open-anki-jlpt-decks,,
expression,N4,vocabulary,,湖,みずうみ,lake,noun,,,,湖で泳ぎます。,みずうみでおよぎます。,I swim in the lake.,JLPT N4 Vocabulary List,https://github.com/jamsinclair/open-anki-jlpt-decks,,
expression,N4,vocabulary,,集まる,あつまる,"to gather (v.i.), to collect",verb,godan,intransitive,,みんなが集まりました。,みんながあつまりました。,Everyone gathered.,JLPT N4 Vocabulary List,https://github.com/jamsinclair/open-anki-jlpt-decks,,
expression,N4,vocabulary,,～にくい,～にくい,difficult to do ~,suffix,,,,この字は読みにくいです。,このじはよみにくいです。,This character is hard to read.,JLPT N4 Vocabulary List,https://github.com/jamsinclair/open-anki-jlpt-decks,,
expression,N4,vocabulary,,生活,せいかつする,"living, life; to live",noun,,,,日本で生活しています。,にほんでせいかつしています。,I live in Japan.,JLPT N4 Vocabulary List,https://github.com/jamsinclair/open-anki-jlpt-decks,,
expression,N4,vocabulary,,糸,いと,thread,noun,,,,糸で縫います。,いとでぬいます。,I sew with thread.,JLPT N4 Vocabulary List,https://github.com/jamsinclair/open-anki-jlpt-decks,,
expression,N4,vocabulary,,関係,かんけい,"relation(ship), connection",noun,,,,いい関係です。,いいかんけいです。,It's a good relationship.,JLPT N4 Vocabulary List,https://github.com/jamsinclair/open-anki-jlpt-decks,,
expression,N4,vocabulary,,ピアノ,ピアノ,piano,noun,,,,ピアノを弾きます。,ピアノをひきます。,I play the piano.,JLPT N4 Vocabulary List,https://github.com/jamsinclair/open-anki-jlpt-decks,,
expression,N4,vocabulary,,～目,～め,"number ~ sequence, ~nd; ~th",suffix,,,,三番目です。,さんばんめです。,It's the third.,JLPT N4 Vocabulary List,https://github.com/jamsinclair/open-anki-jlpt-decks,,
expression,N4,vocabulary,,番組,ばんぐみ,broadcast program,noun,,,,好きな番組を見ます。,すきなばんぐみをみます。,I watch my favorite program.,JLPT N4 Vocabulary List,https://github.com/jamsinclair/open-anki-jlpt-decks,,
expression,N4,vocabulary,,急,きゅう,"urgent, sudden; steep",na-adjective,,,,急な坂です。,きゅうなさかです。,It's a steep slope.,JLPT N4 Vocabulary List,https://github.com/jamsinclair/open-anki-jlpt-decks,,
expression,N4,vocabulary,,棚,たな,"shelves, rack",noun,,,,棚に本を置きます。,たなにほんをおきます。,I put a book on the shelf.,JLPT N4 Vocabulary List,https://github.com/jamsinclair/open-anki-jlpt-decks,,
expression,N4,vocabulary,,木綿,もめん,cotton,noun,,,,木綿のシャツです。,もめんのシャツです。,It's a cotton shirt.,JLPT N4 Vocabulary List,https://github.com/jamsinclair/open-anki-jlpt-decks,,
expression,N4,vocabulary,,輸出,ゆしゅつする,export,noun,,,,車を輸出します。,くるまをゆしゅつします。,We export cars.,JLPT N4 Vocabulary List,https://github.com/jamsinclair/open-anki-jlpt-decks,,
expression,N4,vocabulary,,タイプ,タイプ,"type, style",noun,,,,どんなタイプが好きですか。,どんなタイプがすきですか。,What type do you like?,JLPT N4 Vocabulary List,https://github.com/jamsinclair/open-anki-jlpt-decks,,
expression,N4,vocabulary,,すり,すり,pickpocket,noun,,,,すりに気をつけてください。,すりにきをつけてください。,Please watch out for pickpockets.,JLPT N4 Vocabulary List,https://github.com/jamsinclair/open-anki-jlpt-decks,,
expression,N4,vocabulary,,嬉しい,うれしい,to be happy; to be glad,i-adjective,,,,会えて嬉しいです。,あえてうれしいです。,I'm happy to meet you.,JLPT N4 Vocabulary List,https://github.com/jamsinclair/open-anki-jlpt-decks,,
expression,N4,vocabulary,,アルコール,アルコール,alcohol,noun,,,,アルコールを飲みません。,アルコールをのみません。,I don't drink alcohol.,JLPT N4 Vocabulary List,https://github.com/jamsinclair/open-anki-jlpt-decks,,
expression,N4,vocabulary,,ソフト,ソフト,soft; soft hat; software,noun,,,,新しいソフトを使います。,あたらしいソフトをつかいます。,I use new software.,JLPT N4 Vocabulary List,https://github.com/jamsinclair/open-anki-jlpt-decks,,
expression,N4,vocabulary,,神社,じんじゃ,Shinto shrine,noun,,,,神社にお参りします。,じんじゃにおまいりします。,I visit the shrine.,JLPT N4 Vocabulary List,https://github.com/jamsinclair/open-anki-jlpt-decks,,
expression,N4,vocabulary,,大分,だいぶ,"fairly well, to a large extent, considerably, pretty much",adverb,,,,大分暖かくなりました。,だいぶあたたかくなりました。,It has become fairly warm.,JLPT N4 Vocabulary List,https://github.com/jamsinclair/open-anki-jlpt-decks,,
expression,N4,vocabulary,,楽しみ,たのしみ,"pleasure, joy",noun,,,,旅行が楽しみです。,りょこうがたのしみです。,I am looking forward to the trip.,JLPT N4 Vocabulary List,https://github.com/jamsinclair/open-anki-jlpt-decks,,
expression,N4,vocabulary,,趣味,しゅみ,hobby; pastime,noun,,,,趣味は読書です。,しゅみはどくしょです。,My hobby is reading.,JLPT N4 Vocabulary List,https://github.com/jamsinclair/open-anki-jlpt-decks,,
expression,N4,vocabulary,,電報,でんぽう,telegram,noun,,,,電報を送ります。,でんぽうをおくります。,I send a telegram.,JLPT N4 Vocabulary List,https://github.com/jamsinclair/open-anki-jlpt-decks,,
expression,N4,vocabulary,,家内,かない,(one's own) wife,noun,,,,家内は先生です。,かないはせんせいです。,My wife is a teacher.,JLPT N4 Vocabulary List,https://github.com/jamsinclair/open-anki-jlpt-decks,,
expression,N4,vocabulary,,指,ゆび,finger,noun,,,,指が痛いです。,ゆびがいたいです。,My finger hurts.,JLPT N4 Vocabulary List,https://github.com/jamsinclair/open-anki-jlpt-decks,,
expression,N4,vocabulary,,これから,これから,"from now on, after this",adverb,,,,これから勉強します。,これからべんきょうします。,I will study from now on.,JLPT N4 Vocabulary List,https://github.com/jamsinclair/open-anki-jlpt-decks,,
expression,N4,vocabulary,,たまに,たまに,occasionally,adverb,,,,たまに映画を見ます。,たまにえいがをみます。,I occasionally watch movies.,JLPT N4 Vocabulary List,https://github.com/jamsinclair/open-anki-jlpt-decks,,
expression,N4,vocabulary,,社会,しゃかい,society,noun,,,,社会に出ます。,しゃかいにでます。,I go out into society.,JLPT N4 Vocabulary List,https://github.com/jamsinclair/open-anki-jlpt-decks,,
